1,0,0,0,0,0,0,1,1,0,1,0.3,0.3,0,0
2,1,1,0,0,0,1,1,0,0,0,0.6,0.4,0,1
3,1,0,0,0,0,0,1,1,0,1,0.7,0.4,0,1
4,1,1,1,1,1,1,1,1,1,1,0.1,1,0,1
5,1,1,0,1,1,1,1,1,1,1,0.3,0.9,0,1
6,1,1,0,0,1,1,1,1,1,1,0.3,0.8,0,1
7,1,0,0,1,1,1,0,0,1,0,0.3,0.5,0,1
8,0,1,0,0,1,0,1,1,1,1,0.3,0.6,0,1
9,0,0,0,0,0,0,1,0,0,1,0.5,0.2,0,0
10,1,1,1,0,1,1,0,1,1,1,0.6,0.8,0,1
11,1,0,0,1,0,1,1,0,1,1,0.2,0.6,1,1
12,1,1,1,1,0,1,1,1,0,1,0.5,0.8,0,1
13,0,0,0,0,0,0,0,0,0,0,0.3,0.4,0,0
14,1,1,1,1,0,0,1,0,1,1,0.5,0.7,0,1
15,0,0,0,0,0,0,0,0,0,0,0.1,0.6,0,0
16,1,1,1,0,1,0,1,1,0,1,0,0.7,0,1
17,0,0,0,0,0,0,0,0,0,0,0.7,0.7,1,0
18,1,1,1,0,1,1,1,1,0,1,0.2,0.8,0,1
19,1,0,0,0,1,0,0,0,0,1,0.1,0.3,0,0
20,1,1,1,0,1,0,1,1,0,1,0.3,0.7,0,1
21,1,0,0,1,1,1,1,1,1,0,0.3,0.7,0,1
22,1,0,1,1,1,1,1,0,1,0,0.5,0.7,0,1
23,1,0,1,1,0,1,0,1,1,1,0.2,0.7,1,1
24,1,1,1,0,1,1,0,1,1,0,0.2,0.7,1,1
25,1,1,1,1,1,1,1,1,1,0,0.1,0.9,0,1
26,0,0,0,0,0,0,0,0,0,0,0.2,1,0,0
27,1,1,0,1,1,1,1,1,0,1,0,0.8,0,1
28,1,1,1,1,1,1,1,1,1,1,0.5,1,0,1
29,0,0,1,1,1,0,1,1,1,1,0.7,0.7,1,1
30,0,0,0,0,0,0,0,0,0,0,0.2,1,0,0
31,0,0,0,0,0,0,0,0,0,0,0.1,1,0,0
32,0,0,0,0,0,0,0,0,0,0,0.2,0,0,0
33,0,0,0,0,0,0,0,0,0,1,0,0.1,0,0
34,0,0,0,0,0,0,0,0,0,0,0.5,1,0,0
35,0,0,0,0,0,0,0,0,0,1,0.2,0.1,0,0
36,1,1,1,1,1,1,1,1,1,1,0.2,1,0,1
37,0,0,0,0,0,0,0,0,0,1,0.1,0.1,0,0
38,0,0,0,0,0,0,0,0,0,0,0.3,1,0,0
39,0,0,0,0,0,0,0,0,0,0,0.2,1,0,0
40,0,0,0,0,0,0,0,0,0,1,0.2,0.1,0,0
41,0,0,0,0,0,0,0,0,0,1,0.2,0.1,0,0
42,0,0,0,0,0,0,0,0,0,0,0.2,1,0,0
43,0,0,0,0,0,0,0,0,0,0,0.5,1,0,0
44,0,0,0,0,0,0,0,0,0,0,0.6,1,0,0
45,0,0,0,0,0,0,0,0,0,1,0.2,0.1,0,0
46,0,0,0,0,0,0,1,0,0,1,0.2,0.2,0,0
47,0,0,0,0,0,0,0,0,0,1,0.1,0.1,0,0
48,0,0,0,0,0,0,0,0,0,1,0,0.1,0,0
49,0,0,0,0,0,0,0,0,0,1,0,0.1,1,0
50,0,0,0,0,0,0,0,0,0,1,0.1,0.1,1,0
51,0,0,0,0,0,0,0,0,0,1,0.1,0.1,1,0
52,0,0,0,0,0,0,0,0,0,1,0.2,0.1,1,0
53,0,0,0,0,0,0,0,0,0,1,0.3,0.1,1,0
54,1,1,1,1,1,1,1,1,1,1,0.3,1,1,1
55,0,0,0,0,0,0,0,0,0,1,0.3,0.1,1,0
56,0,0,1,1,0,1,1,0,1,1,0.2,0.6,1,1
57,1,0,0,0,0,1,1,0,1,1,0.2,0.5,1,1
58,0,0,0,1,1,1,1,1,1,0,0.2,0.6,1,1
59,0,0,0,0,0,0,0,1,0,1,0.1,0.2,1,0
60,0,0,0,0,0,0,0,0,0,1,0.1,0.1,1,0
61,0,0,0,0,0,0,0,0,0,1,0.1,0.1,1,0
62,0,0,0,0,0,0,0,0,0,1,0,0.1,1,0
63,1,1,0,0,1,1,1,1,1,1,0,0.8,0,1
64,0,0,1,1,1,1,1,0,0,0,0.2,0.5,1,1
65,0,0,1,1,0,0,0,0,1,0,0.3,0.3,1,0
66,1,1,1,1,1,1,1,0,1,1,0.5,0.9,1,1
67,0,0,0,0,1,0,1,1,0,1,0.3,0.4,0,1
68,0,0,0,0,0,0,0,1,0,0,0.8,0.1,1,0
69,1,0,1,0,0,0,0,0,0,0,0.2,0.2,1,0
70,1,0,1,1,1,1,1,0,1,1,0.1,0.8,1,1
71,1,1,0,0,1,1,1,1,0,0,0.2,0.6,1,1
72,0,0,1,1,1,1,1,0,1,1,0,0.7,1,1
73,1,1,1,1,1,1,1,1,1,1,0.7,1,1,1
74,0,0,0,0,0,0,0,1,0,0,0,0.1,1,0
75,1,1,0,0,1,0,1,0,0,0,0.2,0.4,1,1
76,1,0,0,1,1,1,1,1,1,0,0.1,0.7,1,1
77,0,0,0,0,0,0,0,0,0,0,0.3,1,1,0
78,0,0,0,0,0,0,0,0,0,0,0.2,1,1,0
79,0,0,0,0,0,0,0,0,0,0,0.3,1,1,0
80,1,0,0,0,0,0,0,1,0,1,0.2,0.3,1,0
81,0,1,0,0,0,0,0,0,0,1,0.2,0.2,1,0
82,1,0,1,1,0,1,1,1,1,0,0.3,0.7,1,1
83,1,1,0,1,1,1,1,1,0,1,0.2,0.8,0,1
84,1,0,1,1,0,1,1,1,1,0,0.2,0.7,1,1
85,1,1,0,1,0,1,1,0,0,1,0.4,0.6,1,1
86,0,0,0,1,1,1,0,0,1,1,0.4,0.5,1,1
87,0,0,0,0,0,0,0,0,0,0,0.2,1,1,0
88,0,0,0,1,0,0,1,0,0,1,0.1,0.3,1,0
89,1,0,0,0,1,0,1,0,1,0,0.3,0.4,1,1
90,1,1,1,1,1,1,1,1,1,0,0.2,1,1,1
91,0,0,0,0,0,0,0,0,0,1,0.2,0.1,1,0
92,1,0,0,0,0,0,1,0,0,1,0.1,0.3,1,0
93,1,1,0,0,1,1,1,1,1,0,0,0.7,1,1
94,0,0,0,0,0,0,0,1,0,0,0.2,0.1,1,0
95,0,0,0,1,0,0,1,1,1,1,0.3,0.5,1,1
96,0,1,0,0,0,0,0,0,0,1,0.2,0.2,1,0
97,1,0,1,1,1,1,1,0,1,1,0.2,0.8,1,1
98,1,0,0,0,1,0,1,1,1,1,0.3,0.6,1,1
99,0,0,0,0,0,0,0,0,0,1,0.2,0.1,1,0
100,0,0,0,0,0,0,0,0,0,1,0.2,0.1,1,0
101,0,0,1,1,0,0,0,0,0,0,0.4,0.2,1,0
102,0,0,0,0,0,1,1,1,0,1,0.4,0.4,1,1
103,1,0,0,1,0,1,1,0,0,1,0.2,0.5,0,1
104,1,1,0,0,0,0,0,1,1,0,0.1,0.4,1,1
105,1,1,0,0,0,1,0,0,0,1,0.3,0.4,0,1
106,1,1,1,1,1,1,1,1,1,0,0.2,1,1,1
107,0,0,0,0,0,0,0,0,0,1,0.2,0.1,0,0
108,1,1,0,0,1,1,0,1,0,1,0.1,0.6,1,1
109,1,1,0,0,1,1,1,1,0,1,0,0.7,1,1
110,0,0,0,0,0,0,0,0,0,1,0,0.1,1,0
111,0,0,0,0,1,0,1,0,0,0,0.2,0.2,1,0
112,0,1,0,0,0,0,1,1,0,1,0.3,0.4,1,1
113,0,0,0,0,0,0,1,1,0,0,0.2,0.2,1,0
114,0,0,0,0,0,0,1,1,0,0,0.2,0.2,1,0
115,1,1,0,0,1,1,1,0,1,1,0.3,0.7,1,1
116,0,0,1,1,1,1,1,1,1,1,0.2,0.8,1,1
117,0,0,1,1,0,0,1,0,0,1,0.2,0.4,1,1
118,1,1,1,1,1,1,1,1,1,1,0.4,1,1,1
119,1,1,0,0,0,1,0,0,0,0,0.4,0.3,1,0
120,1,1,0,1,1,1,0,0,0,1,0.2,0.6,1,1
121,0,1,0,1,1,0,1,0,0,1,0.1,0.5,1,1
122,0,1,0,0,0,1,1,1,0,1,0.3,0.5,1,1
123,0,0,0,0,0,0,0,1,0,0,0.2,0.1,0,0
124,0,0,0,0,0,1,0,0,0,0,0.2,0.1,1,0
125,1,1,0,1,1,1,1,0,1,1,0.1,0.8,1,1
126,1,0,0,0,1,0,1,1,1,1,0,0.6,1,1
127,0,0,0,0,0,0,0,0,0,1,0.2,0.1,1,0
128,0,0,0,0,0,0,0,0,0,1,0.1,0.1,1,0
129,0,0,1,1,1,1,1,0,0,1,0.3,0.6,0,1
130,1,1,0,1,1,1,1,0,0,1,0.2,0.7,1,1
131,1,1,1,0,1,1,1,0,0,1,0.2,0.7,1,1
132,1,0,1,1,1,0,0,1,1,1,0.1,0.7,1,1
133,0,0,0,0,0,0,0,0,0,0,0,0.8,0,0
134,1,0,0,0,1,0,0,0,0,0,0.2,0.2,0,0
135,1,1,0,0,1,0,0,1,0,0,0.1,0.4,1,1
136,0,0,0,0,1,0,0,0,0,0,0,0.1,0,0
137,1,1,1,1,1,1,1,1,1,1,0.3,1,0,1
138,0,0,1,1,1,0,0,0,1,0,0.9,0.4,0,1
139,1,1,1,1,1,1,1,1,1,0,1,0.9,1,1
140,1,1,0,0,0,0,0,1,1,0,0.8,0.4,0,1
141,1,1,1,1,1,1,1,1,1,0,0.2,0.9,1,1
142,1,1,0,1,1,0,1,0,1,1,0.1,0.7,1,1
143,1,1,0,0,0,1,0,1,0,1,0,0.5,1,1
144,0,1,0,0,0,0,1,0,0,1,0.2,0.3,1,0
145,0,0,0,0,1,1,1,0,0,0,0.1,0.3,0,0
146,1,1,1,1,1,1,1,1,1,0,0,0.9,1,1
147,1,1,0,1,1,1,0,1,1,0,0.3,0.7,1,1
148,0,0,0,0,0,0,0,0,0,1,0.2,0.1,1,0
149,0,0,0,0,0,0,1,0,0,0,0.1,0.1,1,0
150,1,0,0,0,0,0,0,1,0,0,0,0.2,1,0
151,0,0,0,0,0,0,0,1,0,1,0.2,0.2,1,0
152,0,1,0,1,0,0,1,0,0,1,0.1,0.4,1,1
153,0,0,0,1,0,0,1,0,0,1,0,0.3,1,0
154,1,1,1,1,1,1,1,1,1,0,0.2,0.9,1,1
155,1,1,0,1,0,0,1,0,0,1,0.1,0.5,1,1
156,1,1,0,1,1,1,1,1,1,1,0.7,0.9,1,1
157,1,1,1,1,1,1,1,0,1,1,0.2,0.9,1,1
158,0,0,1,1,1,1,0,1,1,0,0.1,0.6,1,1
159,0,1,1,1,0,1,0,1,0,1,0,0.6,1,1
160,0,1,1,1,0,1,1,1,1,1,0.3,0.8,1,1
161,0,1,0,1,1,1,1,1,1,1,0.9,0.8,1,1
162,1,0,1,1,1,1,0,0,1,0,1,0.6,0,1
163,1,1,1,1,1,1,1,0,1,1,0.8,0.9,0,1
164,0,0,0,0,1,1,1,0,0,0,0.2,0.3,1,0
165,0,0,0,0,0,0,1,0,0,0,0.2,0.1,1,0
166,0,0,0,0,0,0,0,0,0,1,0.1,0.1,1,0
167,0,1,0,0,0,0,1,0,0,1,0,0.3,1,0
168,0,0,0,0,0,0,1,0,0,0,0.2,0.1,1,0
169,0,0,0,0,0,0,0,0,0,0,0.3,0,1,0
170,0,0,0,0,0,0,0,0,0,0,0.2,0,1,0
171,0,0,0,1,1,1,0,0,0,0,0.2,0.3,1,0
172,0,1,1,1,1,0,1,0,1,1,0.3,0.7,1,1
173,0,0,0,0,0,0,0,0,0,1,0.2,0.1,1,0
174,0,1,0,0,0,0,0,0,0,1,0.2,0.2,1,0
175,0,1,0,0,0,0,0,0,0,1,0.4,0.2,1,0
176,1,0,0,0,1,1,0,1,0,1,0.4,0.5,1,1
177,0,0,1,0,1,0,0,0,0,1,0.2,0.3,1,0
178,0,0,1,0,0,1,0,0,0,0,0.1,0.2,1,0
179,1,0,1,0,0,1,0,0,0,0,0.2,0.3,1,0
180,1,0,1,0,0,1,0,0,0,0,0.2,0.3,1,0
181,0,1,0,1,0,1,1,1,0,0,0.1,0.5,1,1
182,0,0,0,1,0,0,0,0,0,0,0,0.1,0,0
183,1,0,0,0,0,1,0,0,1,0,0.2,0.3,1,0
184,1,0,1,1,0,0,0,0,0,0,0.3,0.3,0,0
185,1,0,1,1,1,1,1,1,1,1,0.2,0.9,1,1
186,0,0,0,0,1,0,1,0,1,1,0.2,0.4,0,1
187,1,0,1,1,1,1,1,1,1,1,0.3,0.9,0,1
188,1,1,0,0,0,0,0,0,0,1,0.2,0.3,1,0
189,0,1,0,0,0,0,0,0,0,1,0.2,0.2,0,0
190,1,1,0,0,0,0,0,0,0,1,0.4,0.3,0,0
191,1,0,0,0,1,1,1,0,0,1,0.4,0.5,1,1
192,0,0,0,0,0,0,1,1,0,1,0.2,0.3,1,0
193,1,1,0,0,0,0,1,0,0,1,0.1,0.4,1,1
194,0,0,0,1,0,0,0,0,0,0,0.3,0.1,1,0
195,1,0,0,1,0,1,0,0,0,0,0.9,0.3,1,0
196,1,1,1,1,0,1,1,0,1,1,1,0.8,0,1
197,1,1,0,1,0,1,1,0,1,0,1,0.6,0,1
198,1,1,0,0,0,1,1,1,1,1,0.9,0.7,1,1
199,1,0,1,1,1,1,1,0,1,1,0.9,0.8,1,1
200,0,1,1,0,1,0,1,0,0,1,0.6,0.5,1,1
201,1,1,1,1,1,1,1,1,0,1,0.7,0.9,1,1
202,1,1,1,1,0,1,1,1,1,1,0.5,0.9,1,1
203,1,0,1,1,1,1,1,0,0,1,0.4,0.7,1,1
204,1,0,0,0,0,0,1,1,0,1,0.8,0.4,1,1
205,1,1,1,1,0,1,1,1,0,0,1,0.7,0,1
206,1,1,0,0,0,0,1,0,0,1,1,0.4,0,1
207,1,1,1,1,1,1,1,0,1,1,0.3,0.9,1,1
208,0,0,0,1,1,1,1,1,0,0,0.5,0.5,1,1
209,0,1,0,1,0,1,0,0,0,0,0.7,0.3,0,0
210,0,0,0,0,1,0,0,0,0,1,0.9,0.2,1,0
211,0,1,1,1,0,0,0,0,0,0,1,0.3,1,0
212,1,1,0,0,1,1,1,1,1,0,1,0.7,1,1
213,0,1,0,0,1,1,1,1,1,1,0.4,0.7,1,1
214,1,1,1,1,1,1,1,1,1,1,0.2,1,0,1
215,0,0,0,0,0,0,1,1,1,1,0.1,0.4,1,1
216,0,0,0,1,0,0,0,1,0,1,0.3,0.3,1,0
217,0,0,0,0,0,1,0,0,1,1,0.9,0.3,1,0
218,1,1,1,1,1,1,1,0,1,1,1,0.9,1,1
219,0,1,0,1,1,1,1,1,0,1,1,0.7,1,1
220,0,1,1,1,1,1,1,1,0,1,0.9,0.8,1,1
221,1,1,1,1,0,0,1,0,1,0,0.9,0.6,1,1
222,0,0,0,0,0,0,0,0,0,1,0.6,0.1,1,0
223,1,1,0,0,0,0,0,1,0,1,0.7,0.4,1,1
224,1,1,1,1,1,1,1,1,1,0,0.5,0.9,0,1
225,1,1,1,1,1,1,1,1,0,1,0.4,0.9,1,1
226,0,0,0,0,1,0,1,1,0,1,0.8,0.4,1,1
227,1,1,0,1,0,0,1,1,1,1,1,0.7,1,1
228,1,0,0,1,1,0,1,1,1,1,1,0.7,1,1
229,1,1,0,1,1,1,1,1,1,1,0.3,0.9,1,1
230,1,0,0,0,1,1,1,0,1,0,0.5,0.5,1,1
231,1,0,0,0,0,1,1,0,1,1,0.7,0.5,1,1
232,1,0,1,1,1,1,1,1,1,1,0.9,0.9,1,1
233,1,1,1,1,1,1,1,1,1,1,1,1,1,1
234,0,1,0,1,1,0,0,0,1,0,1,0.4,0,1
235,0,0,0,1,1,1,1,1,0,1,1,0.6,0,1
236,0,0,0,0,0,0,1,0,0,1,0.3,0.2,1,0
237,1,1,1,1,0,0,1,1,0,1,0.5,0.7,1,1
238,0,0,0,0,0,0,0,0,0,0,0.7,0,0,0
239,1,0,0,0,1,1,1,1,0,0,1,0.5,0,1
240,0,0,0,0,0,1,1,1,0,0,0.3,0.3,0,0
241,1,1,1,1,1,1,1,1,1,1,0.5,1,1,1
242,0,1,1,1,1,1,0,1,1,0,0.7,0.7,1,1
243,1,0,1,1,1,1,0,1,1,0,1,0.7,1,1
244,0,0,0,0,0,0,0,0,0,1,0.3,0.1,1,0
245,1,1,1,0,1,1,0,0,1,0,0.5,0.6,0,1
246,0,1,1,1,1,0,1,1,1,1,0.7,0.8,0,1
247,1,0,0,1,1,1,0,0,1,1,1,0.6,1,1
248,1,1,1,0,0,1,1,1,1,1,0.3,0.8,1,1
249,1,1,1,1,1,1,1,1,1,1,0.5,1,0,1
250,0,0,0,0,1,1,0,0,0,0,0.7,0.2,1,0
251,1,1,0,1,1,1,1,1,1,1,0.9,0.9,1,1
252,0,0,0,0,1,0,1,1,1,0,1,0.4,1,1
253,0,0,0,1,1,1,1,1,1,1,1,0.7,1,1
254,1,1,1,1,1,1,1,1,0,0,0.3,0.8,1,1
255,1,1,1,1,1,1,1,1,0,1,0.5,0.9,1,1
256,1,1,1,1,1,1,1,1,0,1,0.7,0.9,1,1
257,1,0,1,1,1,0,1,1,1,1,0.9,0.8,1,1
258,0,1,0,0,0,0,0,1,0,0,1,0.2,1,0
259,1,1,0,0,1,1,1,0,1,1,0.3,0.7,0,1
260,1,0,0,0,0,1,1,0,0,0,0.5,0.3,1,0
261,1,1,1,0,0,1,1,0,1,1,0.7,0.7,1,1
262,1,1,1,1,1,1,1,1,1,0,0.9,0.9,1,1
263,1,0,1,1,0,1,0,0,1,0,1,0.5,1,1
264,1,0,1,1,0,1,0,0,0,0,1,0.4,1,1
265,0,0,0,0,0,0,0,0,0,0,0.3,0,1,0
266,0,0,1,1,1,1,1,1,1,0,0.5,0.7,1,1
267,0,0,0,0,1,1,1,0,0,0,0.7,0.3,0,0
268,0,1,0,0,1,1,1,1,0,1,0.9,0.6,1,1
269,0,0,0,1,1,1,1,1,0,0,1,0.5,1,1
270,1,0,1,1,0,1,1,1,1,1,1,0.8,1,1
271,0,0,0,0,0,0,0,0,0,0,1,0,1,0
272,1,1,0,1,0,0,1,0,0,1,0.3,0.5,1,1
273,1,0,1,0,0,1,0,0,0,0,0.5,0.3,1,0
274,1,0,1,0,0,1,0,0,0,0,0.7,0.3,1,0
275,1,1,0,1,1,1,1,0,1,1,0.9,0.8,0,1
276,1,1,0,0,0,1,1,0,1,0,1,0.5,1,1
277,0,1,0,1,1,1,1,1,1,0,1,0.7,1,1
278,0,1,0,1,1,1,0,1,1,1,0,0.7,1,1
279,0,0,0,0,0,0,0,0,0,1,0.9,0.1,0,0
280,1,1,1,1,1,1,1,1,1,0,1,0.9,0,1
281,1,1,1,1,1,1,1,1,1,1,1,1,1,1
282,1,1,1,1,1,1,1,1,1,0,0.3,0.9,1,1
283,1,1,0,1,1,1,1,0,0,1,0.5,0.7,0,1
284,1,1,1,1,1,1,1,0,1,1,0.7,0.9,0,1
285,1,1,0,0,1,1,1,1,1,1,0.9,0.8,1,1
286,1,1,0,0,0,0,0,0,0,1,1,0.3,1,0
287,0,0,0,0,1,1,1,0,0,1,1,0.4,0,1
288,0,0,1,1,1,1,1,0,1,1,1,0.7,1,1
289,1,1,0,0,0,0,1,0,1,0,0.3,0.4,0,1
290,1,1,0,0,0,1,1,0,0,1,0.5,0.5,0,1
291,0,0,0,0,0,0,1,0,0,0,0.7,0.1,1,0
292,1,0,0,1,1,0,1,0,1,1,0.9,0.6,1,1
293,0,0,0,1,0,1,1,0,1,0,1,0.4,1,1
294,1,1,0,0,0,1,1,1,1,0,1,0.6,0,1
295,0,1,0,0,1,1,1,0,0,1,0.3,0.5,1,1
296,0,0,0,0,0,0,0,0,0,0,0.5,0,0,0
297,1,0,0,0,1,0,0,0,0,1,0.7,0.3,1,0
298,1,1,1,1,0,1,1,1,1,0,0.9,0.8,1,1
299,1,1,1,1,1,1,1,0,1,1,1,0.9,1,1
300,1,1,1,1,0,1,1,1,0,1,1,0.8,1,1
301,1,1,0,1,1,0,1,1,1,1,0.3,0.8,1,1
302,1,0,1,1,1,1,1,1,1,1,0.5,0.9,1,1
303,1,1,0,1,1,0,1,1,1,0,0.7,0.7,1,1
304,1,1,1,1,1,1,1,0,1,0,0.9,0.8,1,1
305,1,0,1,1,0,1,1,1,1,0,1,0.7,1,1
306,0,0,0,0,0,0,0,1,0,0,1,0.1,1,0
307,0,0,0,0,1,1,1,0,1,1,1,0.5,0,1
308,1,1,1,1,1,1,1,1,1,1,0.3,1,0,1
309,1,1,0,0,1,1,1,0,0,0,0.3,0.5,1,1
310,1,1,1,0,1,0,0,0,1,0,0.6,0.5,1,1
311,0,0,0,0,1,1,1,1,1,1,0.7,0.6,1,1
312,1,0,0,0,1,1,1,0,1,0,0.1,0.5,0,1
313,1,1,1,1,1,1,1,1,1,1,0.3,1,1,1
314,0,0,0,0,0,0,0,0,0,0,0.3,0,1,0
315,0,0,1,0,1,1,1,1,1,0,0.3,0.6,1,1
316,0,0,1,0,1,0,1,1,1,1,0.3,0.6,1,1
317,0,0,1,1,1,1,1,0,1,1,0.5,0.7,0,1
318,0,1,0,1,0,1,1,1,1,1,0.6,0.7,1,1
319,1,1,0,1,0,0,0,1,0,1,0.2,0.5,0,1
320,0,0,0,0,0,0,0,0,0,0,0.5,0,1,0
321,0,0,0,0,0,0,0,0,0,0,0.3,0,1,0
322,0,1,0,0,1,1,1,0,1,0,0.5,0.5,1,1
323,1,1,1,1,1,1,1,1,1,1,0.1,1,1,1
324,1,1,1,1,1,1,1,1,1,1,0.5,1,0,1
325,1,1,0,0,1,0,1,0,0,0,0.7,0.4,0,1
326,1,1,0,0,0,1,1,0,1,0,0.2,0.5,0,1
327,1,0,0,1,0,1,0,0,0,0,0.1,0.3,1,0
328,0,1,1,1,1,1,0,1,1,0,0.3,0.7,0,1
329,0,0,0,0,0,0,0,0,0,1,0.3,0.1,1,0
330,1,0,1,1,1,0,1,0,0,0,0.5,0.5,1,1
331,0,0,1,1,1,1,1,1,1,0,0.2,0.7,1,1
332,1,1,1,1,1,0,0,0,0,1,0.2,0.6,0,1
333,0,1,1,1,1,0,1,0,1,0,0.1,0.6,1,1
334,1,0,0,0,0,1,1,1,0,1,0.2,0.5,0,1
335,0,1,1,1,0,0,0,1,0,0,0,0.4,1,1
336,0,1,0,1,0,0,0,0,0,0,0.5,0.2,1,0
337,0,0,0,1,0,0,0,1,0,0,0.7,0.2,1,0
338,0,0,0,1,0,0,0,0,0,0,0.2,0.1,1,0
339,1,1,1,1,1,1,1,1,1,1,0.1,1,1,1
340,1,0,1,1,1,1,1,1,1,1,0.2,0.9,1,1
341,1,1,1,1,1,1,1,1,1,1,0.6,1,0,1
342,1,1,0,0,1,1,0,1,1,1,0.5,0.7,1,1
343,1,1,1,1,1,1,1,1,1,1,0.2,1,1,1
344,1,1,1,1,1,0,1,1,1,1,0.2,0.9,1,1
345,0,1,0,0,1,1,1,1,1,0,0.1,0.6,1,1
346,0,0,0,0,1,1,1,1,1,1,0.3,0.6,1,1
347,1,1,0,0,1,0,1,1,0,0,0.2,0.5,0,1
348,1,1,0,0,1,0,1,1,1,0,0.2,0.6,1,1
349,0,1,0,0,0,1,1,0,1,0,0.2,0.4,0,1
350,0,0,0,0,0,0,0,0,0,1,0.2,0.1,0,0
351,0,0,0,0,0,0,0,0,0,1,0.5,0.1,0,0
352,0,0,0,0,0,0,0,0,0,1,0.6,0.1,0,0
353,0,0,0,0,0,0,0,0,0,0,0.2,0,1,0
354,1,0,1,1,1,1,0,1,0,0,0.2,0.6,1,1
355,0,0,1,1,0,0,0,0,0,0,0.1,0.2,1,0
356,1,1,1,1,1,1,1,1,0,0,0,0.8,1,1
357,1,1,0,0,1,1,1,0,1,1,0,0.7,1,1
358,1,1,0,1,1,1,1,0,1,0,0.1,0.7,1,1
359,1,1,1,1,1,1,1,1,1,1,0.1,1,1,1
360,0,0,0,0,0,0,0,0,0,0,0.2,0,1,0
361,0,0,0,1,1,1,1,0,0,0,0.3,0.4,0,1
362,1,1,1,0,1,1,1,1,1,0,0.3,0.8,1,1
363,1,0,1,1,1,0,0,0,1,0,0.3,0.5,1,1
364,1,1,0,0,1,1,1,1,0,1,0.2,0.7,1,1
365,1,1,1,1,1,1,1,1,0,1,0.2,0.9,0,1
366,0,0,1,1,0,0,0,0,0,0,0.2,0.2,1,0
367,1,1,1,1,1,1,0,1,1,1,0.1,0.9,1,1
368,1,1,1,1,1,1,0,1,1,1,0.1,0.9,1,1
369,1,1,0,0,0,1,1,1,1,1,0.1,0.7,0,1
370,1,1,0,1,0,1,1,0,0,1,0,0.6,1,1
371,1,1,1,1,1,1,1,1,1,1,0,1,1,1
372,1,1,1,1,0,1,1,0,1,0,0.2,0.7,1,1
373,0,0,1,1,1,0,1,0,1,0,0.3,0.5,0,1
374,0,0,1,1,1,1,0,0,1,0,0.5,0.5,1,1
375,0,0,0,0,0,1,0,0,0,1,0.3,0.2,1,0
376,0,0,0,1,1,0,1,0,0,1,0.8,0.4,1,1
377,1,1,1,1,0,1,1,1,0,1,0.2,0.8,1,1
378,1,0,0,1,1,1,1,0,1,0,0.1,0.6,1,1
379,0,0,0,1,0,0,1,0,1,1,0.2,0.4,1,1
380,1,0,0,0,0,0,1,0,0,1,0,0.3,1,0
381,1,0,0,0,0,1,1,0,0,1,0,0.4,1,1
382,1,1,1,1,0,1,1,1,1,0,0,0.8,0,1
383,0,0,0,0,0,0,0,0,0,0,0.2,1,1,0
384,0,0,0,0,0,1,0,0,0,0,0.1,0.1,1,0
385,0,0,0,0,0,1,1,0,0,1,0.3,0.3,1,0
386,0,0,0,1,0,1,1,0,0,1,0.2,0.4,1,1
387,1,1,0,0,1,1,0,1,1,1,0.3,0.7,1,1
388,0,0,1,1,0,0,0,1,0,1,0.2,0.4,1,1
389,0,0,0,0,1,0,1,0,0,1,0.2,0.3,0,0
390,1,0,0,0,0,1,0,1,0,0,0.3,0.3,1,0
391,1,1,1,1,1,0,1,1,1,1,0.2,1,1,1
392,1,1,0,0,0,0,1,1,0,1,0.2,0.5,1,1
393,1,1,0,1,1,1,1,0,0,1,0.4,0.7,1,1
394,0,0,0,0,0,1,1,1,0,1,0.4,0.4,1,1
395,1,1,0,1,1,1,1,1,1,1,0.2,1,1,1
396,0,0,0,0,0,0,0,0,0,0,0.1,1,1,0
397,0,1,1,0,0,1,0,0,1,1,0.3,0.5,1,1
398,1,0,0,0,1,1,0,1,0,1,0.2,0.5,1,1
399,0,0,0,0,1,1,1,0,0,1,0.2,0.4,0,1
400,1,0,0,1,1,1,1,0,1,1,0.1,0.7,1,1
401,1,1,1,1,1,1,1,1,0,1,0.7,1,1,1
402,0,1,0,0,0,0,0,0,0,1,0.2,0.2,1,0
403,1,1,0,1,1,1,1,0,1,0,0.3,0.7,1,1
404,1,1,1,1,1,1,0,1,1,1,0.2,1,1,1
405,0,0,1,1,1,1,1,1,1,0,0.2,0.7,1,1
406,0,0,1,1,1,1,1,1,1,0,0.3,0.7,1,1
407,0,0,0,0,0,0,0,0,0,0,0.2,1,1,0
408,1,0,1,0,1,1,0,1,1,0,0.2,0.6,1,1
409,0,0,0,1,0,0,1,1,0,1,0.4,0.4,0,1
410,1,1,1,1,1,1,1,0,1,0,0.4,0.8,1,1
411,1,1,1,1,1,1,1,1,1,0,0.2,1,1,1
412,0,0,0,0,1,1,1,1,0,0,0.1,0.4,1,1
413,1,1,1,0,0,1,1,0,0,1,0.3,0.6,1,1
414,0,1,0,0,0,0,0,0,0,1,0.2,0.2,1,0
415,1,1,0,0,0,0,0,1,0,1,0.2,0.4,1,1
416,0,0,0,0,0,0,0,0,0,1,0.1,0.1,1,0
417,0,1,1,1,1,1,1,0,1,1,0,0.8,1,1
418,1,0,0,0,1,1,1,1,0,0,0,0.5,1,1
419,0,0,0,0,0,0,1,1,1,0,0.2,0.3,1,0
420,1,1,0,0,1,1,1,1,1,1,0.3,0.8,0,1
421,1,0,0,1,1,1,0,0,1,1,0.2,0.6,1,1
422,0,0,0,1,0,1,1,1,1,0,0.2,0.5,1,1
423,0,0,1,0,1,0,0,1,0,0,0.3,0.3,1,0
424,0,0,0,1,1,0,0,1,0,0,0.2,0.3,1,0
425,1,1,0,1,0,0,1,1,1,1,0.2,0.7,1,1
426,1,1,1,1,0,1,1,0,1,0,0.4,0.7,1,1
427,1,0,0,0,0,1,1,1,0,1,0.4,0.5,1,1
428,1,0,0,0,0,0,1,0,1,1,0.2,0.4,1,1
429,0,0,1,1,0,0,1,0,1,0,0.1,0.4,0,1
430,0,0,0,0,0,0,1,0,0,1,0.3,0.2,0,0
431,1,1,0,1,1,1,1,1,1,1,0.2,1,1,1
432,0,1,0,0,0,0,1,0,0,0,0.2,0.2,0,0
433,1,1,1,1,0,1,1,1,1,1,0.1,1,1,1
434,1,1,1,1,0,1,0,1,1,1,0,0.8,1,1
435,1,0,0,0,0,0,1,1,1,1,0.2,0.5,1,1
436,1,0,0,0,0,0,1,0,0,1,0.1,0.3,1,0
437,1,1,0,0,0,1,0,0,1,0,0.3,0.4,0,1
438,0,0,1,1,0,0,1,1,0,1,0.2,0.5,1,1
439,1,1,0,1,0,1,1,0,0,1,0.2,0.6,1,1
440,1,1,0,1,0,1,1,0,1,1,0.1,0.7,1,1
441,1,1,0,1,0,1,1,0,1,1,0,0.7,1,1
442,1,1,0,0,1,1,1,1,1,1,0.2,0.8,0,1
443,1,0,0,0,1,0,1,1,1,1,0.1,0.6,1,1
444,1,1,0,1,1,0,1,0,0,0,0,0.5,1,1
445,1,1,0,1,1,1,1,0,0,0,0.3,0.6,1,1
446,1,0,0,0,1,0,1,0,0,0,0.9,0.3,1,0
447,0,0,0,0,0,0,0,0,0,0,1,1,1,0
448,1,1,1,1,1,1,1,1,1,1,0.8,1,1,1
449,1,1,0,0,1,1,1,0,0,1,0.2,0.6,0,1
450,1,0,1,1,1,1,0,1,1,0,0.1,0.7,1,1
451,0,0,1,1,1,1,1,1,1,1,0,0.8,1,1
452,1,0,0,0,1,1,1,0,0,0,0.2,0.4,0,1
453,1,1,0,0,1,1,1,0,1,1,0.1,0.7,1,1
454,1,0,0,1,1,1,1,1,1,1,0,0.8,1,1
455,0,0,0,0,0,0,0,0,0,0,0.3,0.5,1,0
456,1,0,1,1,1,1,0,1,1,1,0.2,0.8,1,1
457,1,0,1,0,0,1,0,1,0,0,0.1,0.4,1,1
458,1,0,0,0,0,1,0,0,0,0,0,0.2,1,0
459,1,0,0,0,0,1,0,0,0,0,0.2,0.2,1,0
460,0,0,0,1,0,0,1,0,1,1,0.1,0.4,0,1
461,0,0,0,0,0,0,0,0,1,0,0,0.1,0,0
462,0,1,0,0,0,0,1,0,0,0,0.2,0.2,1,0
463,1,1,1,1,1,1,1,0,1,0,0.1,0.8,1,1
464,0,0,1,0,0,1,1,1,1,1,0,0.6,1,1
465,1,1,0,1,1,1,1,0,0,1,0.2,0.7,1,1
466,0,0,1,1,1,0,1,1,1,1,0.1,0.7,1,1
467,0,0,0,0,0,0,1,0,0,1,0,0.2,1,0
468,1,1,1,1,1,1,1,1,1,1,0.3,1,1,1
469,1,1,0,1,1,0,1,0,0,1,0.9,0.6,1,1
470,1,1,0,1,0,0,1,0,0,0,1,0.4,1,1
471,1,1,1,1,0,1,1,1,1,1,0.8,0.9,0,1
472,1,0,0,0,0,0,0,0,0,0,0.2,0.1,1,0
473,1,0,1,0,0,1,0,0,0,0,0.2,0.3,1,0
474,1,0,1,1,0,0,0,0,0,0,0.1,0.3,1,0
475,0,0,1,1,0,1,0,0,1,0,0,0.4,1,1
476,0,0,1,1,0,0,0,0,0,0,0.2,0.2,1,0
477,1,0,1,1,1,1,1,1,1,1,0.3,0.9,1,1
478,0,0,1,1,1,0,1,1,0,0,0.2,0.5,0,1
479,1,1,0,0,0,1,0,0,0,1,0.2,0.4,0,1
480,0,0,0,0,0,0,0,0,0,0,0.3,0.9,0,0
481,1,1,1,1,1,1,1,1,1,0,0.2,0.9,0,1
482,1,1,1,1,1,1,1,1,1,1,0.2,1,1,1
483,1,0,0,0,1,1,1,1,1,1,0.4,0.7,0,1
484,1,0,0,0,0,1,1,1,1,1,0.4,0.6,1,1
485,1,1,1,1,1,1,1,0,1,1,0.2,0.9,1,1
486,1,1,0,1,0,1,1,1,1,0,0.1,0.7,1,1
487,1,1,1,1,1,1,0,0,1,1,0.2,0.8,1,1
488,1,1,1,1,1,1,1,0,1,1,0.2,0.9,1,1
489,1,0,0,0,1,1,1,1,1,0,0.1,0.6,1,1
490,0,0,0,0,0,1,0,0,0,1,0,0.2,1,0
491,1,1,1,1,1,1,1,1,1,1,0.2,1,1,1
492,1,1,1,1,1,1,1,1,1,1,0.3,1,1,1
493,1,0,0,1,1,0,1,0,1,1,0.2,0.6,0,1
494,0,0,0,0,0,0,1,0,0,0,0.2,0.1,0,0
495,0,1,1,1,1,1,0,1,1,0,0.3,0.7,0,1
496,1,1,1,1,1,1,1,1,1,1,0.2,1,0,1
497,0,0,0,1,0,1,1,0,0,0,0.2,0.3,1,0
498,1,1,1,1,1,0,1,1,1,0,0.4,0.8,1,1
499,1,0,0,1,1,1,0,0,0,1,0.4,0.5,0,1
500,1,0,0,0,1,1,1,1,1,0,0.2,0.6,1,1
501,1,1,1,1,1,1,1,1,1,1,0.1,1,1,1
502,1,1,0,0,1,0,0,0,0,1,0.3,0.4,0,1
503,0,1,1,1,1,1,1,0,1,1,0.9,0.8,1,1
504,1,1,0,1,1,1,0,1,1,0,1,0.7,1,1
505,1,0,1,0,1,0,0,0,0,0,1,0.3,1,0
506,0,1,1,0,0,0,0,1,0,1,0.9,0.4,1,1
507,0,1,0,1,0,1,0,0,1,0,0.9,0.4,1,1
508,0,1,0,1,0,1,0,0,1,0,0.6,0.4,1,1
509,0,0,0,0,1,0,0,0,0,1,0.7,0.2,1,0
510,0,0,0,0,1,1,1,1,0,1,0.5,0.5,1,1
511,0,0,0,0,1,1,1,1,1,1,0.4,0.6,1,1
512,1,1,1,1,0,1,1,0,1,1,0.8,0.8,1,1
513,1,0,0,0,0,0,0,0,0,1,1,0.2,1,0
514,1,0,0,0,1,1,1,0,0,0,1,0.4,1,1
515,1,1,1,1,1,1,1,1,1,1,0.3,1,1,1
516,1,0,1,0,0,0,0,0,0,0,0.5,0.2,1,0
517,1,0,1,0,0,0,0,0,0,0,0.7,0.2,1,0
518,1,1,0,0,0,1,1,0,0,1,0.9,0.5,1,1
519,1,1,1,1,1,1,1,1,1,1,1,1,1,1
520,1,1,1,0,1,1,1,1,0,1,1,0.8,1,1
521,1,1,0,0,0,0,1,0,0,1,0.4,0.4,0,1
522,0,0,1,1,1,0,0,1,1,0,0.2,0.5,1,1
523,1,1,1,1,0,0,1,1,1,1,0.1,0.8,0,1
524,1,0,1,1,1,1,1,0,1,1,0.3,0.8,1,1
525,1,1,1,1,1,1,1,1,1,1,0.9,1,1,1
526,0,0,0,1,1,1,0,1,1,0,1,0.5,1,1
527,0,0,0,0,1,1,1,0,1,1,1,0.5,1,1
528,1,1,1,0,1,1,1,1,1,0,0.9,0.8,1,1
529,1,1,1,0,1,1,1,1,0,0,0.9,0.7,1,1
530,1,1,0,1,1,1,1,1,1,0,0.6,0.8,1,1
531,0,0,0,0,0,0,0,0,0,1,0.7,0.1,1,0
532,1,1,1,1,1,0,1,1,1,1,0.5,0.9,1,1
533,0,0,0,0,0,1,0,1,0,1,0.4,0.3,0,0
534,1,1,1,1,1,1,1,1,1,0,0.8,0.9,0,1
535,1,1,1,1,1,1,1,1,1,0,1,0.9,0,1
536,0,0,0,0,0,0,0,1,0,0,1,0.1,1,0
537,1,0,0,0,0,0,0,0,0,1,0.3,0.2,1,0
538,1,1,0,1,1,1,0,0,0,0,0.5,0.5,1,1
539,1,1,0,1,1,1,1,0,0,1,0.7,0.7,1,1
540,0,0,0,0,0,1,0,0,0,0,0.9,0.1,1,0
541,1,1,0,0,0,0,1,0,0,1,1,0.4,1,1
542,1,1,0,0,1,0,1,0,0,1,1,0.5,0,1
543,1,1,0,0,0,0,1,0,0,1,1,0.4,1,1
544,1,1,1,1,1,1,1,1,1,1,0.3,1,1,1
545,1,1,0,1,0,1,1,1,0,1,0.5,0.7,1,1
546,0,0,0,0,0,0,0,0,0,1,0.7,0.1,1,0
547,0,0,0,1,1,1,1,1,1,1,1,0.7,1,1
548,0,0,0,0,1,1,1,0,1,1,0.3,0.5,0,1
549,1,1,1,1,1,1,1,1,1,1,0.5,1,0,1
550,0,1,1,1,0,0,1,0,1,0,0.7,0.5,0,1
551,1,1,0,0,0,1,0,1,0,1,1,0.5,1,1
552,0,0,1,0,0,1,0,0,0,1,0.3,0.3,1,0
553,1,0,0,0,1,1,1,0,1,1,0.5,0.6,1,1
554,1,1,0,1,1,1,1,1,0,1,0.7,0.8,1,1
555,0,1,0,1,1,0,1,0,0,1,1,0.5,1,1
556,1,0,1,1,1,1,0,1,1,1,0.3,0.8,0,1
557,1,1,0,1,0,0,1,0,1,1,0.5,0.6,1,1
558,1,1,0,1,0,1,1,1,1,1,0.7,0.8,1,1
559,0,0,0,0,0,1,1,0,0,0,0.9,0.2,1,0
560,1,1,1,1,1,1,1,1,1,1,1,1,1,1
561,1,0,1,1,0,1,1,0,1,1,1,0.7,1,1
562,1,0,0,0,0,0,1,0,1,1,0.3,0.4,1,1
563,0,0,0,1,1,1,1,0,1,1,0.5,0.6,1,1
564,0,0,0,0,0,0,0,1,0,0,0.7,0.1,1,0
565,1,0,0,0,0,0,0,1,0,0,0.9,0.2,1,0
566,1,1,1,1,1,1,1,1,1,1,1,1,1,1
567,1,1,1,0,0,1,1,0,1,1,0.3,0.7,0,1
568,1,1,0,0,1,0,0,1,0,1,0.5,0.5,0,1
569,1,1,1,1,1,1,1,1,1,1,0.7,1,0,1
570,1,1,0,1,0,1,1,1,1,1,0.9,0.8,1,1
571,1,0,0,0,0,0,0,0,0,1,1,0.2,1,0
572,1,0,0,0,0,0,1,0,0,1,1,0.3,1,0
573,0,1,0,0,0,0,0,1,0,0,0.3,0.2,0,0
574,0,0,1,1,0,1,0,1,0,0,0.5,0.4,0,1
575,0,1,1,1,1,0,1,1,0,1,0.7,0.7,1,1
576,0,0,0,0,1,1,0,0,1,1,0.9,0.4,0,1
577,1,0,1,0,1,1,0,0,1,0,1,0.5,1,1
578,1,0,1,1,1,1,0,0,1,0,1,0.6,1,1
579,1,0,1,0,1,1,0,0,1,0,1,0.5,1,1
580,1,1,1,1,0,1,1,0,1,1,0.3,0.8,1,1
581,0,0,1,1,0,1,1,0,1,1,0.5,0.6,1,1
582,1,1,1,1,1,1,1,1,1,1,0.7,1,1,1
583,0,0,0,1,0,0,1,0,0,1,0.9,0.3,0,0
584,0,0,0,0,0,0,0,0,0,1,1,0.1,1,0
585,0,0,1,1,1,1,1,1,1,1,1,0.8,1,1
586,1,0,0,0,1,1,1,0,0,1,0,0.5,0,1
587,1,0,0,0,1,1,1,0,1,0,0.9,0.5,0,1
588,0,0,1,1,1,1,1,1,1,1,1,0.8,1,1
589,0,0,1,1,0,1,0,1,1,1,1,0.6,1,1
590,1,1,0,0,1,1,1,0,0,1,0.3,0.6,1,1
591,1,0,0,1,1,1,1,0,1,1,0.5,0.7,0,1
592,1,1,0,0,0,1,0,0,1,1,0.7,0.5,1,1
593,1,0,0,0,0,1,0,1,1,1,0.9,0.5,1,1
594,0,0,0,0,0,0,1,0,0,1,1,0.2,1,0
595,0,1,1,1,1,1,1,1,1,0,1,0.8,0,1
596,0,0,0,0,0,0,0,1,0,0,1,0.1,0,0
597,0,0,0,0,0,1,0,0,0,1,0.3,0.2,1,0
598,1,1,0,1,1,1,1,0,1,1,0.5,0.8,0,1
599,1,1,1,1,1,1,1,0,1,1,0.7,0.9,0,1
600,1,0,1,0,1,1,1,0,0,1,0.9,0.6,0,1
601,1,1,1,1,1,1,1,1,1,0,1,0.9,1,1
602,0,0,0,0,1,0,1,1,0,0,1,0.3,0,0
603,0,0,0,1,0,0,1,1,0,0,0.3,0.3,0,0
604,1,1,1,1,1,1,1,1,1,1,0.5,1,0,1
605,1,1,1,1,1,1,1,1,1,1,0.7,1,0,1
606,1,1,1,1,1,1,1,1,1,1,0.9,1,0,1
607,0,0,0,1,0,0,1,0,1,0,1,0.3,0,0
608,0,1,0,1,0,0,0,0,1,1,1,0.4,1,1
609,0,1,0,1,0,0,0,0,1,1,0.3,0.4,1,1
610,1,1,1,1,1,1,1,1,1,1,0.5,1,1,1
611,0,1,0,0,1,1,1,1,1,0,0.7,0.6,0,1
612,0,1,0,0,0,0,1,1,0,1,0.9,0.4,0,1
613,1,1,0,1,1,1,1,1,0,1,1,0.8,0,1
614,1,1,0,1,1,1,0,1,1,0,1,0.7,0,1
615,0,0,1,1,1,0,1,1,0,0,1,0.5,0,1
616,0,0,0,0,1,1,1,1,1,0,0.3,0.5,0,1
617,1,1,0,1,1,1,1,1,1,1,0.5,0.9,0,1
618,1,0,0,1,1,1,1,1,1,1,0.7,0.8,0,1
619,1,1,0,1,1,1,1,1,1,0,0.9,0.8,0,1
620,1,1,0,1,1,1,1,1,1,1,1,0.9,0,1
621,1,1,1,1,1,1,1,1,1,1,1,1,0,1
622,1,1,1,1,0,1,1,0,1,1,0.9,0.8,0,1
623,1,1,1,1,1,1,1,1,1,0,1,0.9,0,1
624,1,1,1,1,1,1,1,1,1,1,1,1,0,1
625,1,1,0,0,1,1,1,0,1,1,0.3,0.7,0,1
626,1,1,1,1,1,1,1,1,1,1,0.5,1,0,1
627,1,0,0,0,0,0,1,0,0,1,0.9,0.3,0,0
628,1,0,0,0,0,1,1,0,0,1,1,0.4,0,1
629,0,0,0,0,0,0,1,1,0,1,1,0.3,0,0
630,0,0,0,1,0,0,1,1,0,1,0.3,0.4,0,1
631,1,1,1,1,1,1,1,1,1,1,0.5,1,0,1
632,0,0,0,1,1,1,1,0,0,0,0.7,0.4,0,1
633,0,0,0,0,1,1,1,0,1,1,0.9,0.5,0,1
634,1,0,0,1,1,0,0,0,0,1,1,0.4,0,1
635,1,1,1,1,0,1,1,0,0,1,0.3,0.7,1,1
636,1,0,1,0,1,1,1,0,1,0,0.5,0.6,1,1
637,1,0,0,0,0,0,0,0,0,1,0.7,0.2,0,0
638,0,0,0,0,0,1,0,1,0,0,0.9,0.2,0,0
639,0,0,0,0,1,0,0,1,0,1,1,0.3,0,0
640,0,0,1,1,0,1,1,1,1,0,1,0.6,0,1
641,0,0,0,0,1,0,0,1,1,1,0.3,0.4,0,1
642,0,0,0,0,0,0,0,0,0,1,0.5,0.1,0,0
643,1,0,1,1,0,1,1,0,1,0,0.7,0.6,0,1
644,0,0,0,1,0,1,1,0,0,0,0.9,0.3,0,0
645,0,0,1,1,1,1,0,0,1,0,1,0.5,0,1
646,0,0,1,1,1,1,0,0,1,0,1,0.5,0,1
647,0,1,0,0,1,1,1,1,0,1,1,0.6,0,1
648,1,1,1,1,1,1,1,1,1,1,0.3,1,0,1
649,0,0,1,1,0,0,0,0,0,1,0.5,0.3,0,0
650,0,0,1,1,0,0,0,1,0,1,0.7,0.4,0,1
651,0,0,1,1,0,1,0,0,0,1,0.9,0.4,0,1
652,1,0,1,1,1,0,1,0,1,0,1,0.6,0,1
653,0,0,0,0,0,0,0,0,0,1,1,0.1,1,0
654,1,0,1,1,1,1,1,0,0,0,0,0.6,0,1
655,0,0,1,1,1,1,1,0,0,1,0.9,0.6,0,1
656,1,0,0,0,1,1,1,1,0,1,1,0.6,0,1
657,1,1,1,1,1,1,1,0,1,0,1,0.8,0,1
658,1,1,1,1,1,1,1,1,1,1,0.3,1,0,1
659,0,0,1,1,0,1,1,1,1,1,0.5,0.7,0,1
660,0,0,1,1,1,1,1,0,1,1,0.7,0.7,0,1
661,1,1,1,1,1,1,1,0,1,1,0.9,0.9,0,1
662,0,0,0,0,0,0,0,0,0,1,1,0.1,0,0
663,1,0,0,1,1,1,1,0,0,0,1,0.5,0,1
664,1,0,0,0,1,0,1,1,1,0,1,0.5,0,1
665,0,0,0,0,0,1,0,0,0,1,0.3,0.2,0,0
666,1,1,0,0,1,1,1,1,1,1,0.5,0.8,0,1
667,0,0,0,0,0,0,0,0,0,0,0.7,0,0,0
668,1,1,1,1,1,0,1,1,0,0,0.9,0.7,0,1
669,1,1,1,1,1,1,1,0,1,0,1,0.8,0,1
670,1,1,0,1,1,1,1,0,1,0,1,0.7,0,1
671,1,1,0,0,0,0,1,0,0,1,0.3,0.4,0,1
672,1,0,0,1,1,0,1,0,1,0,0.5,0.5,0,1
673,1,1,1,1,1,1,1,0,0,0,0.7,0.7,0,1
674,1,0,1,1,1,1,1,1,1,1,0.9,0.9,0,1
675,1,0,1,0,1,1,1,1,1,1,0.9,0.8,0,1
676,0,0,0,0,0,0,0,1,0,0,1,0.1,0,0
677,1,1,0,1,0,1,1,1,0,1,1,0.7,0,1
678,0,0,0,0,0,0,0,0,0,0,0.3,0,1,0
679,0,0,1,1,1,1,1,0,1,0,0.5,0.6,0,1
680,1,0,1,1,0,1,0,1,0,0,0.7,0.5,0,1
681,1,1,1,1,1,0,1,1,1,1,0.9,0.9,0,1
682,1,1,1,1,1,1,1,1,1,0,1,0.9,0,1
683,0,1,0,0,1,1,0,1,0,1,0.3,0.5,0,1
684,1,0,0,0,1,1,1,1,1,1,0.5,0.7,0,1
685,1,1,0,1,1,1,1,1,1,1,0.7,0.9,0,1
686,1,0,1,1,1,0,1,1,1,1,0.9,0.8,0,1
687,1,1,1,1,1,1,1,1,1,1,1,1,0,1
688,0,0,0,0,0,0,1,0,0,0,1,0.1,0,0
689,1,0,1,0,1,0,1,1,0,1,0.3,0.6,0,1
690,1,1,1,1,1,1,1,1,1,0,0.5,0.9,1,1
691,1,1,0,0,1,1,1,0,1,0,0.7,0.6,0,1
692,0,0,0,0,0,1,1,0,0,0,0.9,0.2,0,0
693,0,0,0,0,0,0,1,0,1,1,1,0.3,0,0
694,1,1,1,1,1,1,1,1,0,1,1,0.9,1,1
695,0,0,1,1,1,1,1,1,1,1,1,0.8,0,1
696,0,1,0,0,0,0,0,0,0,1,0.3,0.2,0,0
697,0,1,0,0,1,0,0,0,0,1,0.5,0.3,0,0
698,1,0,0,1,0,1,1,1,0,1,0.7,0.6,0,1
699,1,0,1,1,1,1,1,0,0,1,0.9,0.7,0,1
700,1,1,0,0,0,1,1,1,1,1,1,0.7,0,1
701,0,0,1,0,0,0,0,0,0,0,1,0.1,1,0
702,0,0,0,0,0,0,0,0,1,1,0,0.2,0,0
703,0,1,1,0,0,0,0,0,0,1,0.9,0.3,0,0
704,1,0,1,1,1,1,1,0,1,0,1,0.7,1,1
705,0,0,0,0,0,0,0,0,0,0,1,0.6,0,0
706,0,0,0,0,0,1,0,1,0,0,0.3,0.2,0,0
707,1,0,0,1,0,0,1,0,1,1,0.5,0.5,1,1
708,1,1,0,1,0,1,1,1,1,0,0.7,0.7,0,1
709,1,0,1,1,1,0,1,1,1,1,0.9,0.8,0,1
710,0,0,1,1,1,0,1,1,1,0,1,0.6,0,1
711,1,0,0,1,0,0,1,0,0,0,1,0.3,0,0
712,1,1,1,1,1,0,1,0,1,1,1,0.8,0,1
713,1,1,1,1,1,1,1,1,1,1,0.3,1,0,1
714,1,0,0,0,0,1,1,0,1,0,0.5,0.4,1,1
715,0,0,0,0,0,1,0,0,0,0,0.7,0.1,0,0
716,0,0,0,0,0,0,0,0,0,1,0.9,0.1,0,0
717,0,1,0,1,0,1,1,0,0,0,1,0.4,0,1
718,1,1,0,1,1,1,1,0,1,1,1,0.8,0,1
719,1,1,0,0,0,0,0,0,0,0,0.3,0.2,0,0
720,1,1,0,1,0,0,0,0,0,0,0.5,0.3,0,0
721,1,1,0,0,0,0,0,0,0,0,0.7,0.2,0,0
722,1,1,0,0,1,1,0,1,1,1,0.9,0.7,0,1
723,1,1,1,1,1,1,1,1,1,1,1,1,0,1
724,1,1,0,0,0,1,1,1,0,1,0.9,0.6,1,1
725,0,0,0,0,0,0,1,0,0,1,1,0.2,1,0
726,0,0,0,0,0,0,0,1,0,1,1,0.2,0,0
727,0,0,0,0,0,0,0,1,0,1,0.3,0.2,0,0
728,1,1,1,1,1,1,1,1,1,1,0.5,1,0,1
729,1,1,0,1,1,1,1,1,1,0,0.7,0.8,0,1
730,0,0,0,1,1,1,1,1,1,1,0.9,0.7,0,1
731,0,0,0,0,1,0,0,0,1,1,1,0.3,0,0
732,0,0,1,1,1,1,1,0,1,1,0.3,0.7,0,1
733,1,1,0,1,0,1,1,0,0,1,0.5,0.6,0,1
734,1,1,0,1,1,0,1,1,1,0,0.7,0.7,0,1
735,0,0,0,0,0,1,0,0,0,1,0.9,0.2,1,0
736,1,1,1,1,1,1,0,1,1,1,1,0.9,0,1
737,1,0,0,0,1,1,0,0,1,1,1,0.5,0,1
738,1,0,0,0,0,0,0,0,0,1,0.3,0.2,0,0
739,1,1,1,1,1,1,1,1,1,0,0.5,0.9,0,1
740,0,0,0,0,0,0,0,0,1,1,0.7,0.2,0,0
741,1,1,1,0,1,1,1,0,0,1,0.9,0.7,1,1
742,0,0,0,0,0,0,0,0,0,1,1,0.1,0,0
743,0,0,1,0,1,1,1,1,0,1,1,0.6,0,1
744,0,1,1,1,1,1,1,1,0,1,1,0.8,0,1
745,1,1,1,1,1,1,1,0,1,1,0.3,0.9,0,1
746,1,1,1,1,0,1,1,0,0,1,0.5,0.7,0,1
747,0,0,0,0,0,0,0,0,0,1,0.7,0.1,0,0
748,1,0,1,1,1,1,1,0,1,1,0.9,0.8,0,1
749,1,1,0,1,1,1,1,1,1,1,1,0.9,0,1
750,1,0,0,0,1,1,1,0,1,0,1,0.5,0,1
751,0,0,0,0,1,1,1,0,1,0,0,0.4,0,1
752,1,0,1,1,1,1,1,1,1,0,0.9,0.8,0,1
753,1,1,0,0,1,1,1,1,1,0,1,0.7,0,1
754,0,0,0,0,0,0,0,0,0,0,1,0.4,0,0
755,1,1,1,1,1,1,0,1,0,1,0.3,0.8,0,1
756,1,1,1,1,1,1,1,1,1,0,0.5,0.9,1,1
757,1,0,0,0,0,0,1,1,0,0,0.7,0.3,0,0
758,0,0,1,1,1,1,1,0,0,0,0.9,0.5,0,1
759,0,0,1,1,1,1,1,0,0,0,1,0.5,0,1
760,1,1,1,1,1,0,1,1,0,1,1,0.8,0,1
761,0,0,0,1,0,0,1,0,0,1,1,0.3,0,0
762,1,1,0,0,1,0,1,1,1,1,0.3,0.7,0,1
763,1,1,1,1,1,1,1,1,1,1,0.5,1,1,1
764,0,0,1,0,1,1,1,1,0,1,0.7,0.6,0,1
765,0,0,1,1,1,1,1,1,1,0,0.9,0.7,0,1
766,1,0,1,0,0,0,1,1,1,0,1,0.5,0,1
767,1,1,0,1,1,1,1,1,1,1,1,0.9,0,1
768,0,0,1,1,1,1,1,1,1,0,0.3,0.7,0,1
769,0,0,0,0,0,0,1,0,0,0,0.5,0.1,1,0
770,0,0,1,1,1,0,1,0,0,0,0.7,0.4,0,1
771,0,0,0,0,0,0,0,0,0,0,0.9,0.9,1,0
772,1,1,1,1,1,1,1,1,1,0,1,0.9,0,1
773,1,1,0,1,1,1,1,1,1,0,0.9,0.8,0,1
774,1,0,0,0,0,1,1,0,0,1,1,0.4,0,1
775,1,0,1,1,1,1,1,0,1,0,1,0.7,0,1
776,0,1,1,1,0,1,1,1,1,0,0.3,0.7,0,1
777,0,1,0,0,0,0,1,1,0,1,0.5,0.4,0,1
778,1,0,1,1,1,1,1,1,1,1,0.7,0.9,0,1
779,0,0,1,0,1,1,1,1,0,1,0.9,0.6,0,1
780,1,1,1,1,1,1,1,1,1,0,1,0.9,0,1
781,1,1,1,1,0,1,1,0,0,1,0.3,0.7,1,1
782,0,0,1,1,0,0,1,0,0,1,0.5,0.4,0,1
783,1,1,1,1,1,1,1,1,1,1,0.7,1,0,1
784,0,0,0,0,0,0,1,1,0,1,0.9,0.3,0,0
785,0,0,0,0,0,0,1,0,0,1,1,0.2,1,0
786,0,0,1,1,1,1,1,1,1,0,1,0.7,0,1
787,1,0,0,0,0,0,0,0,0,0,0.3,0.1,1,0
788,0,0,0,1,1,0,1,1,1,0,0.5,0.5,0,1
789,1,1,1,0,1,0,1,0,0,0,0.7,0.5,0,1
790,1,0,0,0,0,0,1,1,0,1,0.9,0.4,0,1
791,1,0,0,0,0,1,1,0,0,1,1,0.4,1,1
792,1,1,0,1,1,1,1,0,1,1,1,0.8,0,1
793,1,0,0,0,0,1,1,0,0,0,1,0.3,0,0
794,1,1,1,1,1,1,1,0,1,1,0.3,0.9,0,1
795,1,1,1,1,0,1,1,0,1,1,0.5,0.8,0,1
796,0,0,1,0,0,1,1,1,1,1,0.7,0.6,1,1
797,1,1,1,1,1,1,1,1,1,1,0.9,1,0,1
798,1,0,0,0,0,0,1,0,0,1,1,0.3,0,0
799,0,0,0,0,1,0,1,0,1,1,1,0.4,0,1
800,1,1,0,1,1,1,1,1,1,1,0.8,0.9,0,1
801,1,1,0,1,1,1,1,0,0,0,0.9,0.6,0,1
802,1,0,0,1,0,1,1,0,0,1,1,0.5,0,1
803,1,0,0,0,1,1,1,1,1,0,1,0.6,0,1
804,1,0,1,1,1,1,1,1,1,1,0.3,0.9,1,1
805,0,0,0,0,0,0,0,0,0,0,0.5,0,1,0
806,1,1,0,0,1,1,1,0,1,1,0.7,0.7,0,1
807,1,1,0,0,1,1,1,0,1,1,0.9,0.7,1,1
808,1,1,0,0,1,1,1,0,1,1,1,0.7,1,1
809,1,1,1,1,1,1,1,0,1,1,1,0.9,0,1
810,1,1,1,1,0,1,1,0,1,1,1,0.8,0,1
811,0,0,0,0,0,0,1,0,0,1,0.3,0.2,1,0
812,1,1,1,1,0,1,0,0,0,1,0.5,0.6,1,1
813,1,0,1,1,1,1,1,1,0,1,0.7,0.8,0,1
814,1,1,1,1,1,1,1,1,1,0,0.9,0.9,0,1
815,0,0,0,0,0,0,0,0,0,0,1,0.4,0,0
816,0,0,0,0,0,0,1,0,1,0,1,0.2,0,0
817,1,0,0,0,1,0,1,1,1,0,0.3,0.5,0,1
818,1,1,0,0,0,1,0,0,0,0,0.5,0.3,0,0
819,1,1,1,1,1,1,1,1,1,0,0.7,0.9,0,1
820,1,0,0,0,1,1,1,1,1,1,0.9,0.7,0,1
821,0,0,0,1,0,1,1,1,1,0,0.9,0.5,1,1
822,0,0,1,1,0,0,0,0,1,0,1,0.3,0,0
823,0,0,0,0,0,1,1,0,1,0,1,0.3,0,0
824,1,1,0,0,0,0,1,0,1,1,0.3,0.5,1,1
825,0,0,0,0,0,0,0,1,0,0,0.5,0.1,0,0
826,0,0,0,0,0,0,0,0,0,1,0.7,0.1,0,0
827,1,0,0,0,0,0,1,0,0,0,0.9,0.2,0,0
828,0,0,0,0,0,0,1,0,0,1,1,0.2,0,0
829,1,1,1,1,1,1,1,1,1,1,0.3,1,0,1
830,0,0,1,1,1,0,1,1,1,0,0.5,0.6,0,1
831,0,0,1,1,1,0,0,1,0,0,0.7,0.4,0,1
832,1,1,1,1,1,1,1,1,1,1,0.9,1,0,1
833,1,1,1,1,1,1,1,1,1,0,1,0.9,0,1
834,0,0,0,1,0,0,0,0,0,0,1,0.1,0,0
835,0,0,0,1,0,0,0,0,0,0,0.3,0.1,0,0
836,0,0,0,1,0,0,0,0,0,0,0.5,0.1,0,0
837,1,1,1,1,1,1,1,1,1,1,0.7,1,0,1
838,1,0,0,0,1,1,1,1,1,0,0.9,0.6,0,1
839,0,0,0,0,0,0,0,0,0,0,1,0.5,0,0
840,1,0,1,1,0,1,1,0,0,0,1,0.5,0,1
841,1,1,0,0,0,0,1,1,0,0,1,0.4,0,1
842,0,1,0,0,1,0,0,0,0,0,0.3,0.2,0,0
843,1,1,1,1,1,1,1,1,1,1,0.5,1,0,1
844,0,1,0,0,1,1,0,0,1,0,0.7,0.4,0,1
845,0,0,1,1,1,1,1,1,1,1,0.9,0.8,0,1
846,0,0,0,0,0,0,1,0,0,1,1,0.2,0,0
847,0,0,0,0,0,0,1,0,0,1,1,0.2,0,0
848,1,0,0,0,0,1,1,0,0,1,0,0.4,0,1
849,1,1,1,1,1,1,1,0,1,1,0.9,0.9,0,1
850,0,0,0,0,0,1,1,1,1,0,1,0.4,0,1
851,0,0,0,0,0,0,0,0,0,0,1,0.6,0,0
852,1,1,1,0,1,0,1,0,1,1,0.3,0.7,0,1
853,1,1,0,1,1,0,1,1,1,0,0.5,0.7,1,1
854,0,0,0,1,1,1,0,1,0,0,0.7,0.4,0,1
855,0,1,0,0,0,1,0,0,0,0,0.9,0.2,0,0
856,0,0,0,0,0,0,0,0,0,0,1,0.8,0,0
857,1,1,0,0,1,1,1,0,0,0,1,0.5,0,1
858,0,0,1,1,1,1,1,0,1,0,1,0.6,0,1
859,1,1,1,1,1,1,1,1,1,1,0.3,1,1,1
860,1,1,1,1,1,1,1,1,1,1,0.5,1,0,1
861,1,1,1,1,1,1,1,1,1,1,0.7,1,0,1
862,1,1,0,1,1,1,1,1,1,1,0.9,0.9,0,1
863,1,1,1,1,1,1,0,1,1,1,1,0.9,0,1
864,0,0,1,0,1,1,1,0,1,1,1,0.6,0,1
865,1,0,0,0,1,0,0,0,0,1,0.3,0.3,0,0
866,1,1,0,1,1,1,1,0,1,0,0.5,0.7,0,1
867,1,1,1,1,1,1,1,1,1,1,0.7,1,1,1
868,0,0,0,0,0,0,0,0,0,1,0.9,0.1,0,0
869,1,1,1,1,0,0,1,1,0,1,1,0.7,0,1
870,0,1,0,1,0,1,1,1,1,1,1,0.7,0,1
871,0,0,0,0,0,0,1,0,0,0,0.3,0.1,0,0
872,1,1,1,1,1,1,1,1,1,1,0.9,1,0,1
873,1,1,0,0,0,1,1,1,1,1,1,0.7,0,1
874,0,0,0,0,0,0,0,0,0,0,1,0.9,0,0
875,0,0,1,1,0,0,0,1,1,0,0.3,0.4,0,1
876,0,0,1,1,1,1,1,0,1,1,0.5,0.7,0,1
877,1,1,1,1,1,1,1,1,1,1,0.7,1,0,1
878,0,0,0,1,1,1,0,0,1,1,0.9,0.5,0,1
879,1,1,0,0,1,1,1,1,1,0,1,0.7,1,1
880,1,0,0,0,0,0,0,0,0,1,0.3,0.2,0,0
881,1,1,0,0,0,1,1,0,0,1,0.5,0.5,0,1
882,1,1,0,0,0,0,1,0,0,0,0.7,0.3,0,0
883,1,1,1,1,1,0,1,0,1,0,0.9,0.7,0,1
884,0,0,0,1,1,1,1,1,0,0,1,0.5,0,1
885,0,0,0,0,0,0,0,0,0,0,1,0,0,0
886,1,1,1,1,1,1,1,1,1,1,0.3,1,0,1
887,0,0,1,1,1,0,0,1,0,1,0.5,0.5,0,1
888,0,1,1,0,1,0,1,0,1,0,0.7,0.5,0,1
889,0,1,1,0,1,0,0,0,0,0,0.9,0.3,0,0
890,0,1,1,0,1,0,0,0,0,0,1,0.3,0,0
891,1,1,1,1,1,1,1,1,1,1,1,1,0,1
892,0,0,0,0,0,0,0,0,0,0,1,0.9,0,0
893,0,0,0,1,1,1,0,1,0,1,0.3,0.5,0,1
894,1,1,1,1,1,1,1,1,1,1,0.5,1,1,1
895,0,0,0,0,1,1,1,1,0,1,0.7,0.5,0,1
896,0,0,0,0,0,0,0,0,0,0,0.9,0.5,0,0
897,0,1,1,1,0,1,1,1,1,1,1,0.8,0,1
898,1,1,1,1,1,1,1,1,1,1,1,1,0,1
899,1,1,1,1,0,1,1,1,1,1,0.8,0.9,0,1
900,1,0,1,1,1,1,1,1,1,1,0.9,0.9,0,1
901,1,0,1,1,0,1,1,1,1,1,1,0.8,0,1
902,0,0,1,1,1,0,1,0,1,0,1,0.5,0,1
903,1,1,1,1,0,1,1,0,1,1,0.3,0.8,0,1
904,1,1,0,1,0,1,1,0,1,1,0.5,0.7,0,1
905,1,1,0,0,1,0,1,1,1,0,0.9,0.6,0,1
906,0,0,0,1,0,1,1,1,1,1,1,0.6,0,1
907,0,0,0,0,0,0,0,0,0,0,1,0,0,0
908,1,1,1,1,1,1,1,1,1,1,0.3,1,0,1
909,1,1,0,0,0,0,1,0,1,1,0.5,0.5,0,1
910,1,1,1,1,1,1,1,1,1,1,0.7,1,0,1
911,1,1,1,0,0,0,1,0,1,0,0.9,0.5,0,1
912,0,0,1,1,1,1,1,1,1,0,1,0.7,0,1
913,1,1,0,0,0,1,1,0,0,1,0.3,0.5,0,1
914,0,0,0,0,0,0,0,0,1,0,0.5,0.1,0,0
915,0,0,1,1,0,0,0,0,1,1,0.7,0.4,0,1
916,1,0,1,1,1,1,1,0,1,1,0.9,0.8,1,1
917,0,0,0,0,0,0,1,0,0,1,1,0.2,0,0
918,1,0,1,1,1,1,1,1,1,0,1,0.8,0,1
919,0,1,1,1,1,1,1,1,1,0,0.3,0.8,1,1
920,0,0,0,0,1,0,1,0,0,1,0.5,0.3,0,0
921,0,0,0,0,0,0,0,1,0,1,0.7,0.2,1,0
922,1,1,1,1,0,0,1,1,0,1,0.9,0.7,0,1
923,0,0,0,0,0,1,1,1,0,0,1,0.3,0,0
924,1,0,0,1,0,1,1,1,1,0,1,0.6,0,1
925,1,0,0,1,0,1,1,0,1,0,1,0.5,0,1
926,1,1,0,0,1,1,1,0,1,1,0.3,0.7,0,1
927,1,0,1,1,0,0,0,0,1,0,0.5,0.4,0,1
928,0,0,1,1,1,0,0,0,0,0,0.7,0.3,1,0
929,1,0,0,1,0,0,0,0,1,0,0.9,0.3,1,0
930,0,0,1,1,1,0,0,0,1,0,1,0.4,1,1
931,0,0,1,1,1,0,0,0,0,0,1,0.3,1,0
932,0,0,0,0,0,1,1,0,0,1,0,0.3,1,0
933,0,0,0,0,0,1,1,0,0,1,0.9,0.3,1,0
934,0,0,0,0,0,1,1,0,0,1,1,0.3,1,0
935,0,0,0,1,0,0,0,1,0,0,1,0.2,0,0
936,1,1,0,1,1,1,1,0,1,1,0.3,0.8,1,1
937,0,0,0,0,1,1,0,1,0,1,0.5,0.4,1,1
938,0,0,1,0,0,0,0,0,0,1,0.7,0.2,1,0
939,1,0,1,0,0,0,1,0,0,1,0.9,0.4,1,1
940,1,0,1,0,0,0,0,0,0,1,1,0.3,1,0
941,1,0,0,0,0,0,0,0,0,0,1,0.1,1,0
942,1,0,0,0,0,0,0,0,0,1,1,0.2,1,0
943,0,0,0,0,0,0,0,0,0,0,0.3,0.5,1,0
944,1,1,1,1,1,1,1,1,1,0,0.5,0.9,1,1
945,1,1,0,0,0,1,0,0,0,1,0.7,0.4,1,1
946,0,0,1,1,1,1,1,1,1,0,0.9,0.7,0,1
947,1,1,0,0,1,0,1,1,1,1,1,0.7,1,1
948,0,0,0,0,1,1,0,0,1,1,1,0.4,1,1
949,0,0,0,0,0,0,1,0,0,1,0.3,0.2,1,0
950,0,0,0,0,1,0,1,0,0,1,0.5,0.3,1,0
951,1,1,1,1,1,1,1,1,0,1,0.7,0.9,1,1
952,1,1,1,1,1,1,1,1,0,1,0.9,0.9,1,1
953,1,1,0,0,1,0,0,1,1,0,1,0.5,1,1
954,1,0,0,0,1,1,0,1,0,1,1,0.5,1,1
955,1,0,0,0,1,0,0,0,0,0,0.3,0.2,0,0
956,1,1,1,1,1,1,1,1,1,0,0.9,0.9,0,1
957,1,1,1,1,0,0,0,1,0,0,1,0.5,0,1
958,1,1,0,1,1,1,1,1,1,1,1,0.9,0,1
959,0,1,0,0,0,0,1,0,0,0,0.3,0.2,0,0
960,0,1,0,0,1,1,1,0,0,0,0.5,0.4,0,1
961,1,1,0,1,1,1,1,0,0,0,0.7,0.6,1,1
962,0,0,1,1,1,0,1,1,1,0,0.9,0.6,0,1
963,1,1,0,1,0,1,1,1,1,1,1,0.8,0,1
964,0,0,0,0,1,0,0,0,0,1,0.3,0.2,0,0
965,1,0,1,1,1,1,1,0,1,0,0.5,0.7,1,1
966,1,0,1,1,0,1,1,1,0,0,0.7,0.6,0,1
967,1,0,1,1,1,1,0,1,1,0,0.9,0.7,0,1
968,1,0,0,0,0,0,1,0,1,0,1,0.3,0,0
969,0,0,0,0,1,1,0,1,0,1,1,0.4,0,1
970,1,0,0,0,0,0,1,0,0,1,0.3,0.3,0,0
971,1,0,0,0,0,0,1,1,0,1,0.5,0.4,0,1
972,1,1,0,0,0,1,0,1,0,1,0.7,0.5,0,1
973,0,0,0,1,0,0,0,0,0,0,0.9,0.1,0,0
974,1,1,0,1,1,1,0,1,0,1,1,0.7,1,1
975,1,0,0,0,0,0,1,1,1,1,1,0.5,1,1
976,1,1,1,0,0,0,1,1,0,0,1,0.5,0,1
977,1,1,0,1,0,0,0,0,0,1,0.3,0.4,0,1
978,0,0,0,0,0,1,1,0,0,1,0.5,0.3,0,0
979,1,0,1,1,1,1,0,1,1,0,0.7,0.7,0,1
980,1,1,1,1,1,1,1,0,0,0,0.9,0.7,0,1
981,1,0,1,0,1,1,1,0,1,1,1,0.7,0,1
982,0,0,0,1,1,0,1,1,0,1,1,0.5,0,1
983,1,1,1,1,1,1,1,0,1,0,0,0.8,0,1
984,1,1,1,1,1,1,1,1,1,1,0.9,1,0,1
985,1,0,1,1,0,1,1,0,1,0,1,0.6,0,1
986,1,1,1,0,1,1,0,0,1,1,1,0.7,0,1
987,1,0,0,1,0,0,0,0,0,0,0.3,0.2,0,0
988,1,1,1,1,1,1,1,0,1,1,0.5,0.9,0,1
989,0,0,0,0,1,0,1,1,0,1,0.7,0.4,0,1
990,1,0,1,1,1,1,1,1,1,1,0.9,0.9,0,1
991,1,0,1,1,1,1,1,0,1,1,1,0.8,0,1
992,1,1,1,1,1,1,1,0,0,1,1,0.8,0,1
993,1,0,0,1,0,0,1,0,0,1,1,0.4,0,1
994,1,1,1,1,1,1,1,1,1,1,0.3,1,0,1
995,1,1,0,0,0,0,0,0,1,1,0.5,0.4,0,1
996,0,0,0,0,0,0,0,0,0,0,0.7,0.7,0,0
997,0,1,0,0,0,0,0,0,0,1,0.9,0.2,0,0
998,0,0,0,1,0,0,0,0,1,1,1,0.3,0,0
999,1,0,1,1,1,0,1,0,1,1,1,0.7,0,1
1000,0,1,1,1,0,1,0,0,0,0,0.3,0.4,0,1
1001,0,0,0,0,0,1,0,0,0,1,0.5,0.2,0,0
1002,1,0,0,0,1,1,0,1,0,1,0.7,0.5,0,1
1003,0,0,0,0,1,1,1,1,0,0,0.9,0.4,0,1
1004,1,0,0,1,1,0,1,0,1,0,1,0.5,0,1
1005,1,1,1,1,1,1,1,1,0,0,1,0.8,1,1
1006,1,0,1,1,1,0,1,0,0,1,0.3,0.6,0,1
1007,1,0,1,1,1,0,1,0,0,1,0.9,0.6,0,1
1008,0,0,0,1,0,0,1,0,0,1,1,0.3,1,0
1009,1,1,1,1,1,1,1,1,1,0,1,0.9,1,1
1010,1,0,1,1,0,0,1,0,0,1,0.3,0.5,0,1
1011,0,1,1,1,1,1,1,1,1,1,0.5,0.1,0,1
1012,0,1,0,0,1,1,0,0,1,0,0.7,0.4,1,1
1013,0,0,0,0,0,0,1,0,0,1,0.9,0.2,0,0
1014,1,1,1,1,1,1,1,1,1,0,1,0.1,0,1
1015,1,0,0,0,0,1,1,1,1,0,0.3,0.5,0,1
1016,0,0,1,1,0,0,1,0,1,0,0.5,0.4,0,1
1017,0,1,0,0,1,0,1,1,0,1,0.7,0.5,0,1
1018,1,1,0,0,0,1,1,1,0,1,0.9,0.6,0,1
1019,0,0,1,1,0,0,0,0,1,0,1,0.3,0,0
1020,1,1,0,0,1,1,1,0,0,1,1,0.6,0,1
1021,0,0,0,0,1,0,0,0,1,0,0.3,0.2,1,0
1022,0,1,1,1,1,1,1,1,0,0,0.5,0.7,0,1
1023,0,0,0,0,0,0,0,0,0,0,0.7,0.9,1,0
1024,1,1,0,0,0,0,0,1,0,1,0.9,0.4,1,1
1025,0,0,0,0,0,0,0,0,0,1,1,0.1,0,0
1026,0,0,0,0,0,0,1,1,0,1,1,0.3,0,0
1027,0,0,0,0,0,0,0,0,0,1,1,0.1,0,0
1028,0,0,1,1,1,0,0,1,1,0,0.3,0.5,0,1
1029,0,0,1,1,1,1,0,0,1,0,0.5,0.5,0,1
1030,1,1,0,1,0,1,1,1,1,1,0.7,0.8,1,1
1031,0,0,0,0,1,0,0,1,0,1,0.9,0.3,0,0
1032,1,1,0,0,0,1,1,1,0,1,1,0.6,1,1
1033,1,0,1,1,1,0,1,0,0,0,1,0.5,0,1
1034,0,0,0,0,0,1,0,0,0,1,0,0.2,1,0
1035,0,0,0,0,0,0,0,1,0,0,0.9,0.1,0,0
1036,1,0,0,1,0,1,1,1,0,0,1,0.5,0,1
1037,1,1,0,1,0,1,1,1,0,0,1,0.6,0,1
1038,0,0,1,0,0,0,0,0,0,0,0.3,0.1,0,0
1039,1,1,0,0,0,0,1,0,1,0,0.5,0.4,1,1
1040,0,0,0,0,1,1,1,0,1,0,0.7,0.4,1,1
1041,0,0,0,0,0,0,0,0,0,1,0.9,0.1,0,0
1042,0,0,0,1,0,0,1,0,0,0,1,0.2,0,0
1043,1,1,1,1,0,0,1,1,1,1,0.3,0.8,0,1
1044,1,1,1,1,1,1,1,1,1,1,0.5,0.1,1,1
1045,1,1,1,1,1,1,1,1,1,1,0.7,0.1,1,1
1046,1,1,1,1,1,1,1,1,1,1,0.9,0.1,0,1
1047,0,1,0,1,1,1,1,1,1,0,1,0.7,0,1
1048,1,1,0,0,1,1,1,0,0,0,1,0.5,0,1
1049,0,0,0,0,0,0,0,0,0,0,0.3,0.9,0,0
1050,0,0,0,0,0,0,0,0,0,1,0.5,0.1,1,0
1051,0,0,1,1,1,0,1,0,1,0,0.7,0.5,0,1
1052,1,0,1,1,1,1,1,1,1,1,0.9,0.1,0,1
1053,1,0,0,0,0,0,0,1,0,1,1,0.3,1,0
1054,1,1,0,0,1,1,0,1,1,0,1,0.6,1,1
1055,0,0,0,0,0,0,0,0,0,0,0,0,0,0
1056,0,0,0,0,0,0,0,0,0,0,0,0,1,1
1057,0,0,0,0,0,0,0,0,0,0,0,0.5,0,1
1058,0,0,0,0,0,0,0,0,0,0,0,0.3,0,0
1059,0,0,0,0,0,0,0,0,0,1,0,0.2,0,0
1060,0,0,0,0,0,0,0,0,0,0,0,0.3,0,0
1061,0,0,0,0,0,0,0,0,0,0,0.1,0,1,1
1062,0,0,0,0,0,0,0,0,0,0,0,0.1,0,1
1063,0,0,0,0,0,0,0,0,0,0,0,0.3,0,0
1064,0,0,0,0,0,0,0,0,0,1,0,0.6,0,0
1065,0,0,0,0,0,0,0,0,0,0,0.1,0,0,0
1066,0,0,0,0,0,0,0,0,0,0,0,0,1,1
1067,0,0,0,0,0,0,0,0,0,0,0,0.5,0,1
1068,0,0,0,0,0,0,0,0,0,0,0,0.3,0,0
1069,0,0,0,0,0,0,0,0,0,1,0,0.2,0,0
1070,0,0,0,0,0,0,0,0,0,0,0,0.3,0,0
1071,0,0,0,0,0,0,0,0,0,0,0.1,0,1,1
1072,0,0,0,0,0,0,0,0,0,0,0.1,0,0,1
1073,0,0,0,0,0,0,0,0,0,0,0,0.3,0,0
1074,0,0,0,0,0,0,0,0,0,1,0,0.6,0,0
1075,0,0,0,0,0,0,0,0,0,0,0.1,0,0,0
1076,0,0,0,0,0,0,0,0,0,0,0,0,1,1
1077,0,0,0,0,0,0,0,0,0,0,0,0.5,0,1
1078,0,0,0,0,0,0,0,0,0,0,0,0.3,0,0
1079,0,0,0,0,0,0,0,0,0,1,0,0.2,0,0
1080,0,0,0,0,0,0,0,0,0,0,0,0.3,0,0
1081,0,0,0,0,0,0,0,0,0,0,0.1,0,1,1
1082,0,0,0,0,0,0,0,0,0,0,0.1,0,0,1
1083,0,0,0,0,0,0,0,0,0,0,0,0.3,0,0
1084,0,0,0,0,0,0,0,0,0,1,0,0.6,0,0
1085,0,0,0,0,0,0,0,0,0,0,0.1,0,0,0
1086,0,0,0,0,0,0,0,0,0,0,0,0,1,1
1087,0,0,0,0,0,0,0,0,0,0,0,0.5,0,1
1088,0,0,0,0,0,0,0,0,0,0,0,0.3,0,0
1089,0,0,0,0,0,0,0,0,0,1,0,0.2,0,0
1090,0,0,0,0,0,0,0,0,0,0,0,0.3,0,0
1091,0,0,0,0,0,0,0,0,0,0,0.1,0,1,1
1092,0,0,0,0,0,0,0,0,0,0,0.1,0,0,1
1093,0,0,0,0,0,0,0,0,0,0,0,0.3,0,0
1094,0,0,0,0,0,0,0,0,0,1,0,0.6,0,0
1095,0,0,0,0,0,0,0,0,0,0,0.1,0,0,0
1096,0,0,0,0,0,0,0,0,0,0,0,0,1,1
1097,0,0,0,0,0,0,0,0,0,0,0,0.5,0,1
1098,0,0,0,0,0,0,0,0,0,0,0,0.3,0,0
1099,0,0,0,0,0,0,0,0,0,1,0,0.2,0,0
1100,0,0,0,0,0,0,0,0,0,0,0,0.3,0,0
1101,0,0,0,0,0,0,0,0,0,0,0.1,0,1,1
1102,0,0,0,0,0,0,0,0,0,0,0.1,0,0,1
1103,0,0,0,0,0,0,0,0,0,0,0,0.3,0,0
1104,0,0,0,0,0,0,0,0,0,1,0,0.6,0,0
1105,0,0,0,0,0,0,0,0,0,0,0,0,0,0
1106,0,0,0,0,0,0,0,0,0,0,0,0,1,1
1107,0,0,0,0,0,0,0,0,0,0,0,0.5,0,1
1108,0,0,0,0,0,0,0,0,0,0,0,0.3,0,0
1109,0,0,0,0,0,0,0,0,0,1,0.1,0.2,0,0
1110,0,0,0,0,0,0,0,0,0,0,0,0.3,0,0
1111,0,0,0,0,0,0,0,0,0,0,0,0.1,1,1
1112,0,0,0,0,0,0,0,0,0,0,0,0.1,0,1
1113,0,0,0,0,0,0,0,0,0,0,0,0.3,0,0
1114,0,0,0,0,0,0,0,0,0,1,0,0.6,0,0
1115,0,0,0,0,0,0,0,0,0,0,0.1,0.1,0,0
1116,0,0,0,0,0,0,0,0,0,0,0.1,0,1,1
1117,0,0,0,0,0,0,0,0,0,0,0,0.5,0,1
1118,0,0,0,0,0,0,0,0,0,0,0,0.3,0,0
1119,0,0,0,0,0,0,0,0,0,1,0,0.2,0,0
1120,0,0,0,0,0,0,0,0,0,0,0,0.3,0,0
1121,0,0,0,0,0,0,0,0,0,0,0,0.1,1,1
1122,0,0,0,0,0,0,0,0,0,0,0,0.1,0,1
1123,0,0,0,0,0,0,0,0,0,0,0.1,0.3,0,0
1124,0,0,0,0,0,0,0,0,0,1,0.1,0.6,0,0
1125,0,0,0,0,0,0,0,0,0,0,0,0.1,0,0
1126,0,0,0,0,0,0,0,0,0,0,0,0,1,1
1127,0,0,0,0,0,0,0,0,0,0,0,0.5,0,1
1128,0,0,0,0,0,0,0,0,0,0,0,0.3,0,0
1129,0,0,0,0,0,0,0,0,0,1,0,0.2,0,0
1130,0,0,0,0,0,0,0,0,0,0,0,0.3,0,0
1131,0,0,0,0,0,0,0,0,0,0,0.1,0.1,1,1
1132,0,0,0,0,0,0,0,0,0,0,0.1,0.1,0,1
1133,0,0,0,0,0,0,0,0,0,0,0,0.3,0,0
1134,0,0,0,0,0,0,0,0,0,1,0,0.6,0,0
1135,0,0,0,0,0,0,0,0,0,0,0,0.1,0,0
1136,0,0,0,0,0,0,0,0,0,0,0,0,1,1
1137,0,0,0,0,0,0,0,0,0,0,0,0.5,0,1
1138,0,0,0,0,0,0,0,0,0,0,0,0.3,0,0
1139,0,0,0,0,0,0,0,0,0,1,0.1,0.2,0,0
1140,0,0,0,0,0,0,0,0,0,0,0,0.3,0,0
1141,0,0,0,0,0,0,0,0,0,0,0,0.1,1,1
1142,0,0,0,0,0,0,0,0,0,0,0,0.1,0,1
1143,0,0,0,0,0,0,0,0,0,0,0,0.3,0,0
1144,0,0,0,0,0,0,0,0,0,1,0,0.6,0,0
1145,0,0,0,0,0,0,0,0,0,0,0,0.1,0,0
1146,0,0,0,0,0,0,0,0,0,0,0,0,1,1
1147,0,0,0,0,0,0,0,0,0,0,0,0.5,0,1
1148,0,0,0,0,0,0,0,0,0,0,0,0.3,0,0
1149,0,0,0,0,0,0,0,0,0,1,0,0.2,0,0
1150,0,0,0,0,0,0,0,0,0,0,0,0.3,0,0
1151,0,0,0,0,0,0,0,0,0,0,0,0.1,1,1
1152,0,0,0,0,0,0,0,0,0,0,0,0.1,0,1
1153,0,0,0,0,0,0,0,0,0,0,0,0.3,0,0
1154,0,0,0,0,0,0,0,0,0,1,0,0.6,0,0
1155,0,0,0,0,0,0,0,0,0,0,0,0.1,0,0
1156,0,0,0,0,0,0,0,0,0,0,0,0.7,1,1
1157,0,0,0,0,0,0,0,0,0,0,0,0.5,0,1
1158,0,0,0,0,0,0,0,0,0,0,0,0.3,0,0
1159,0,0,0,0,0,0,0,0,0,1,0,0.2,0,0
1160,0,0,0,0,0,0,0,0,0,0,0,0.3,0,0
1161,0,0,0,0,0,0,0,0,0,0,0,0.1,1,1
1162,0,0,0,0,0,0,0,0,0,0,0,0.1,0,1
1163,0,0,0,0,0,0,0,0,0,0,0,0.3,0,0
1164,0,0,0,0,0,0,0,0,0,1,0,0.6,0,0
1165,0,0,0,0,0,0,0,0,0,0,0,0.1,0,0
1166,0,0,0,0,0,0,0,0,0,0,0,0.1,0,1
1167,0,0,0,0,0,0,0,0,0,0,0,0.3,0,0
1168,0,0,0,0,0,0,0,0,0,1,0,0.6,0,0
1169,0,0,0,0,0,0,0,0,0,0,0,0.1,0,0
1170,0,0,0,0,0,0,0,0,0,0,0,0.6,1,1
1171,0,0,0,0,0,0,0,0,0,0,0,0.5,0,1
1172,0,0,0,0,0,0,0,0,0,0,0,0.3,0,0
1173,0,0,0,0,0,0,0,0,0,1,0,0.2,0,0
1174,0,0,0,0,0,0,0,0,0,0,0,0.3,0,0
1175,0,0,0,0,0,0,0,0,0,0,0,0.1,1,1
1176,0,0,0,0,0,0,0,0,0,0,0,0.1,0,1
1177,0,0,0,0,0,0,0,0,0,0,0,0.3,0,0
1178,0,0,0,0,0,0,0,0,0,1,0,0.6,0,0
1179,0,0,0,0,0,0,0,0,0,0,0,0.1,0,0
1180,0,0,0,0,0,0,0,0,0,0,0,0.1,0,1
1181,0,0,0,0,0,0,0,0,0,0,0,0.3,0,0
1182,0,0,0,0,0,0,0,0,0,1,0,0.6,0,0
1183,0,0,0,0,0,0,0,0,0,0,0,0.1,0,0
1184,0,0,0,0,0,0,0,0,0,0,0,0,1,1
1185,0,0,0,0,0,0,0,0,0,0,0.1,0.5,0,1
1186,0,0,0,0,0,0,0,0,0,0,0.1,0.3,0,0
1187,0,0,0,0,0,0,0,0,0,1,0,0.2,0,0
1188,0,0,0,0,0,0,0,0,0,0,0,0.3,0,0
1189,0,0,0,0,0,0,0,0,0,0,0,0.1,1,1
1190,0,0,0,0,0,0,0,0,0,0,0,0.1,0,1
1191,0,0,0,0,0,0,0,0,0,0,0,0.3,0,0
1192,0,0,0,0,0,0,0,0,0,1,0,0.6,0,0
1193,0,0,0,0,0,0,0,0,0,0,0.1,0.1,0,0
1194,0,0,0,0,0,0,0,0,0,0,0,0.1,0,1
1195,0,0,0,0,0,0,0,0,0,0,0,0.3,0,0
1196,0,0,0,0,0,0,0,0,0,1,0,0.6,0,0
1197,0,0,0,0,0,0,0,0,0,0,0,0.1,0,0
1198,0,0,0,0,0,0,0,0,0,0,0,0,1,1
1199,0,0,0,0,0,0,0,0,0,0,0.1,0.5,0,1
1200,0,0,0,0,0,0,0,0,0,0,0.1,0.3,0,0
1201,0,0,0,0,0,0,0,0,0,1,0,0.2,0,0
1202,0,0,0,0,0,0,0,0,0,0,0,0.3,0,0
1203,0,0,0,0,0,0,0,0,0,0,0,0.1,1,1
1204,0,0,0,0,0,0,0,0,0,0,0,0.1,0,1
1205,0,0,0,0,0,0,0,0,0,0,0,0.3,0,0
1206,0,0,0,0,0,0,0,0,0,1,0,0.6,0,0
1207,0,0,0,0,0,0,0,0,0,0,0.1,0.1,0,0
1208,0,0,0,0,0,0,0,0,0,0,0.1,0.1,0,1
1209,0,0,0,0,0,0,0,0,0,0,0,0.3,0,0
1210,0,0,0,0,0,0,0,0,0,1,0,0.6,0,0
1211,0,0,0,0,0,0,0,0,0,0,0,0.1,0,0
1212,0,0,0,0,0,0,0,0,0,0,0,0,1,1
1213,0,0,0,0,0,0,0,0,0,0,0,0.5,0,1
1214,0,0,0,0,0,0,0,0,0,0,0,0.3,0,0
1215,0,0,0,0,0,0,0,0,0,1,0,0.2,0,0
1216,0,0,0,0,0,0,0,0,0,0,0,0.3,0,0
1217,0,0,0,0,0,0,0,0,0,0,0,0.1,1,1
1218,0,0,0,0,0,0,0,0,0,0,0,0.1,0,1
1219,0,0,0,0,0,0,0,0,0,0,0,0.3,0,0
1220,0,0,0,0,0,0,0,0,0,1,0,0.6,0,0
1221,0,0,0,0,0,0,0,0,0,0,0,0.1,0,0
1222,0,0,0,0,0,0,0,0,0,0,0,0.1,0,1
1223,0,0,0,0,0,0,0,0,0,0,0,0.3,0,0
1224,0,0,0,0,0,0,0,0,0,1,0,0.6,0,0
1225,0,0,0,0,0,0,0,0,0,0,0,0.1,0,0
1226,0,0,0,0,0,0,0,0,0,0,0,0,1,1
1227,0,0,0,0,0,0,0,0,0,0,0,0.5,0,1
1228,0,0,0,0,0,0,0,0,0,0,0,0.3,0,0
1229,0,0,0,0,0,0,0,0,0,1,0,0.2,0,0
1230,0,0,0,0,0,0,0,0,0,0,0,0.3,0,0
1231,0,0,0,0,0,0,0,0,0,0,0,0.1,1,1
1232,0,0,0,0,0,0,0,0,0,0,0,0.1,0,1
1233,0,0,0,0,0,0,0,0,0,0,0,0.3,0,0
1234,0,0,0,0,0,0,0,0,0,1,0,0.6,0,0
1235,0,0,0,0,0,0,0,0,0,0,0,0.1,0,0
1236,0,0,0,0,0,0,0,0,0,0,0,0.1,0,1
1237,0,0,0,0,0,0,0,0,0,0,0,0.3,0,0
1238,0,0,0,0,0,0,0,0,0,1,0,0.6,0,0
1239,0,0,0,0,0,0,0,0,0,0,0,0.1,0,0
1240,0,0,0,0,0,0,0,0,0,0,0,0,1,1
1241,0,0,0,0,0,0,0,0,0,0,0,0.5,0,1
1242,0,0,0,0,0,0,0,0,0,0,0,0.3,0,0
1243,0,0,0,0,0,0,0,0,0,1,0,0.2,0,0
1244,0,0,0,0,0,0,0,0,0,0,0,0.3,0,0
1245,0,0,0,0,0,0,0,0,0,0,0,0.1,1,1
1246,0,0,0,0,0,0,0,0,0,0,0,0.1,0,1
1247,0,0,0,0,0,0,0,0,0,0,0,0.3,0,0
1248,0,0,0,0,0,0,0,0,0,1,0,0.6,0,0
1249,0,0,0,0,0,0,0,0,0,0,0,0.1,0,0
1250,0,0,0,0,0,0,0,0,0,0,0,0.5,0,1
1251,0,0,0,0,0,0,0,0,0,0,0,0.3,0,0
1252,0,0,0,0,0,0,0,0,0,1,0,0.2,0,0
1253,0,0,0,0,0,0,0,0,0,0,0,0.3,0,0
1254,0,0,0,0,0,0,0,0,0,0,0,0.1,1,1
1255,0,0,0,0,0,0,0,0,0,0,0,0.1,0,1
1256,0,0,0,0,0,0,0,0,0,0,0,0.3,0,0
1257,0,0,0,0,0,0,0,0,0,1,0,0.6,0,0
1258,0,0,0,0,0,0,0,0,0,0,0,0.1,0,0
1259,0,0,0,0,0,0,0,0,0,0,0.1,0.1,0,1
1260,0,0,0,0,0,0,0,0,0,0,0.1,0.3,0,0
1261,0,0,0,0,0,0,0,0,0,1,0,0.6,0,0
1262,0,0,0,0,0,0,0,0,0,0,0,0.1,0,0
1263,0,0,0,0,0,0,0,0,0,0,0,0,1,1
1264,0,0,0,0,0,0,0,0,0,0,0,0.5,0,1
1265,0,0,0,0,0,0,0,0,0,0,0,0.3,0,0
1266,0,0,0,0,0,0,0,0,0,1,0,0.2,0,0
1267,0,0,0,0,0,0,0,0,0,0,0.1,0.3,0,0
1268,0,0,0,0,0,0,0,0,0,0,0,0.1,1,1
1269,0,0,0,0,0,0,0,0,0,0,0,0.1,0,1
1270,0,0,0,0,0,0,0,0,0,0,0,0.3,0,0
1271,0,0,0,0,0,0,0,0,0,1,0,0.6,0,0
1272,0,0,0,0,0,0,0,0,0,0,0,0.1,0,0
1273,0,0,0,0,0,0,0,0,0,0,0.1,0.1,0,1
1274,0,0,0,0,0,0,0,0,0,0,0.1,0.3,0,0
1275,0,0,0,0,0,0,0,0,0,1,0,0.6,0,0
1276,0,0,0,0,0,0,0,0,0,0,0,0.1,0,0
1277,0,0,0,0,0,0,0,0,0,0,0,0,1,1
1278,0,0,0,0,0,0,0,0,0,0,0,0.5,0,1
1279,0,0,0,0,0,0,0,0,0,0,0,0.3,0,0
1280,0,0,0,0,0,0,0,0,0,1,0,0.2,0,0
1281,0,0,0,0,0,0,0,0,0,0,0.1,0.3,0,0
1282,0,0,0,0,0,0,0,0,0,0,0.1,0.1,1,1
1283,0,0,0,0,0,0,0,0,0,0,0,0.1,0,1
1284,0,0,0,0,0,0,0,0,0,0,0,0.3,0,0
1285,0,0,0,0,0,0,0,0,0,1,0,0.6,0,0
1286,0,0,0,0,0,0,0,0,0,0,0,0.1,0,0
1287,0,0,0,0,0,0,0,0,0,0,0,0.5,0,1
1288,0,0,0,0,0,0,0,0,0,0,0,0.3,0,0
1289,0,0,0,0,0,0,0,0,0,1,0,0.2,0,0
1290,0,0,0,0,0,0,0,0,0,0,0,0.3,0,0
1291,0,0,0,0,0,0,0,0,0,0,0,0.1,1,1
1292,0,0,0,0,0,0,0,0,0,0,0,0.1,0,1
1293,0,0,0,0,0,0,0,0,0,0,0,0.3,0,0
1294,0,0,0,0,0,0,0,0,0,1,0,0.6,0,0
1295,0,0,0,0,0,0,0,0,0,0,0,0.1,0,0
1296,0,0,0,0,0,0,0,0,0,0,0,0.1,0,1
1297,0,0,0,0,0,0,0,0,0,0,0,0.3,0,0
1298,0,0,0,0,0,0,0,0,0,1,0,0.6,0,0
1299,0,0,0,0,0,0,0,0,0,0,0,0.1,0,0
1300,0,0,0,0,0,0,0,0,0,0,0,0,1,1
1301,0,0,0,0,0,0,0,0,0,0,0,0.5,0,1
1302,0,0,0,0,0,0,0,0,0,0,0,0.3,0,0
1303,0,0,0,0,0,0,0,0,0,1,0,0.2,0,0
1304,0,0,0,0,0,0,0,0,0,0,0,0.3,0,0
1305,0,0,0,0,0,0,0,0,0,0,0,0.1,1,1
1306,0,0,0,0,0,0,0,0,0,0,0,0.1,0,1
1307,0,0,0,0,0,0,0,0,0,0,0,0.3,0,0
1308,0,0,0,0,0,0,0,0,0,1,0,0.6,0,0
1309,0,0,0,0,0,0,0,0,0,0,0,0.1,0,0
1310,0,0,0,0,0,0,0,0,0,0,0,0.1,0,1
1311,0,0,0,0,0,0,0,0,0,0,0,0.3,0,0
1312,0,0,0,0,0,0,0,0,0,1,0,0.6,0,0
1313,0,0,0,0,0,0,0,0,0,0,0,0.1,0,0
1314,0,0,0,0,0,0,0,0,0,0,0,0,1,1
1315,0,0,0,0,0,0,0,0,0,0,0,0.5,0,1
1316,0,0,0,0,0,0,0,0,0,0,0,0.3,0,0
1317,0,0,0,0,0,0,0,0,0,1,0,0.2,0,0
1318,0,0,0,0,0,0,0,0,0,0,0,0.3,0,0
1319,0,0,0,0,0,0,0,0,0,0,0,0.1,1,1
1320,0,0,0,0,0,0,0,0,0,0,0,0.1,0,1
1321,0,0,0,0,0,0,0,0,0,0,0,0.3,0,0
1322,0,0,0,0,0,0,0,0,0,1,0,0.6,0,0
1323,0,0,0,0,0,0,0,0,0,0,0,0.1,0,0
1324,0,0,0,0,0,0,0,0,0,0,0,0.5,0,1
1325,0,0,0,0,0,0,0,0,0,0,0,0.3,0,0
1326,0,0,0,0,0,0,0,0,0,1,0,0.2,0,0
1327,0,0,0,0,0,0,0,0,0,0,0,0.3,0,0
1328,0,0,0,0,0,0,0,0,0,0,0,0.1,1,1
1329,0,0,0,0,0,0,0,0,0,0,0,0.1,0,1
1330,0,0,0,0,0,0,0,0,0,0,0,0.3,0,0
1331,0,0,0,0,0,0,0,0,0,1,0,0.6,0,0
1332,0,0,0,0,0,0,0,0,0,0,0,0.1,0,0
1333,0,0,0,0,0,0,0,0,0,0,0.1,0.1,0,1
1334,0,0,0,0,0,0,0,0,0,0,0.1,0.3,0,0
1335,0,0,0,0,0,0,0,0,0,1,0,0.6,0,0
1336,0,0,0,0,0,0,0,0,0,0,0,0.1,0,0
1337,0,0,0,0,0,0,0,0,0,0,0,0,1,1
1338,0,0,0,0,0,0,0,0,0,0,0,0.5,0,1
1339,0,0,0,0,0,0,0,0,0,0,0,0.3,0,0
1340,0,0,0,0,0,0,0,0,0,1,0,0.2,0,0
1341,0,0,0,0,0,0,0,0,0,0,0.1,0.3,0,0
1342,0,0,0,0,0,0,0,0,0,0,0,0.1,1,1
1343,0,0,0,0,0,0,0,0,0,0,0,0.1,0,1
1344,0,0,0,0,0,0,0,0,0,0,0,0.3,0,0
1345,0,0,0,0,0,0,0,0,0,1,0,0.6,0,0
1346,0,0,0,0,0,0,0,0,0,0,0,0.1,0,0
1347,0,0,0,0,0,0,0,0,0,0,0.1,0.1,0,1
1348,0,0,0,0,0,0,0,0,0,0,0.1,0.3,0,0
1349,0,0,0,0,0,0,0,0,0,1,0,0.6,0,0
1350,0,0,0,0,0,0,0,0,0,0,0,0.1,0,0
1351,0,0,0,0,0,0,0,0,0,0,0,0,1,1
1352,0,0,0,0,0,0,0,0,0,0,0,0.5,0,1
1353,0,0,0,0,0,0,0,0,0,0,0,0.3,0,0
1354,0,0,0,0,0,0,0,0,0,1,0,0.2,0,0
1355,0,0,0,0,0,0,0,0,0,0,0.1,0.3,0,0
1356,0,0,0,0,0,0,0,0,0,0,0.1,0.1,1,1
1357,0,0,0,0,0,0,0,0,0,0,0,0.1,0,1
1358,0,0,0,0,0,0,0,0,0,0,0,0.3,0,0
1359,0,0,0,0,0,0,0,0,0,1,0,0.6,0,0
1360,0,0,0,0,0,0,0,0,0,0,0,0.1,0,0
1361,0,0,0,0,0,0,0,0,0,0,0,0.5,0,1
1362,0,0,0,0,0,0,0,0,0,0,0,0.3,0,0
1363,0,0,0,0,0,0,0,0,0,1,0,0.2,0,0
1364,0,0,0,0,0,0,0,0,0,0,0,0.3,0,0
1365,0,0,0,0,0,0,0,0,0,0,0,0.1,1,1
1366,0,0,0,0,0,0,0,0,0,0,0,0.1,0,1
1367,0,0,0,0,0,0,0,0,0,0,0,0.3,0,0
1368,0,0,0,0,0,0,0,0,0,1,0,0.6,0,0
1369,0,0,0,0,0,0,0,0,0,0,0,0.1,0,0
1370,0,0,0,0,0,0,0,0,0,0,0,0.1,0,1
1371,0,0,0,0,0,0,0,0,0,0,0,0.3,0,0
1372,0,0,0,0,0,0,0,0,0,1,0,0.6,0,0
1373,0,0,0,0,0,0,0,0,0,0,0,0.1,0,0
1374,0,0,0,0,0,0,0,0,0,0,0,0,1,1
1375,0,0,0,0,0,0,0,0,0,0,0,0.5,0,1
1376,0,0,0,0,0,0,0,0,0,0,0,0.3,0,0
1377,0,0,0,0,0,0,0,0,0,1,0,0.2,0,0
1378,0,0,0,0,0,0,0,0,0,0,0,0.3,0,0
1379,0,0,0,0,0,0,0,0,0,0,0,0.1,1,1
1380,0,0,0,0,0,0,0,0,0,0,0,0.1,0,1
1381,0,0,0,0,0,0,0,0,0,0,0,0.3,0,0
1382,0,0,0,0,0,0,0,0,0,1,0,0.6,0,0
1383,0,0,0,0,0,0,0,0,0,0,0,0.1,0,0
1384,0,0,0,0,0,0,0,0,0,0,0,0.1,0,1
1385,0,0,0,0,0,0,0,0,0,0,0,0.3,0,0
1386,0,0,0,0,0,0,0,0,0,1,0,0.6,0,0
1387,0,0,0,0,0,0,0,0,0,0,0,0.1,0,0
1388,0,0,0,0,0,0,0,0,0,0,0,0,1,1
1389,0,0,0,0,0,0,0,0,0,0,0,0.5,0,1
1390,0,0,0,0,0,0,0,0,0,0,0,0.3,0,0
1391,0,0,0,0,0,0,0,0,0,1,0,0.2,0,0
1392,0,0,0,0,0,0,0,0,0,0,0,0.3,0,0
1393,0,0,0,0,0,0,0,0,0,0,0,0.1,1,1
1394,0,0,0,0,0,0,0,0,0,0,0,0.1,0,1
1395,0,0,0,0,0,0,0,0,0,0,0,0.3,0,0
1396,0,0,0,0,0,0,0,0,0,1,0,0.6,0,0
1397,0,0,0,0,0,0,0,0,0,0,0,0.1,0,0
1398,0,0,0,0,0,0,0,0,0,0,0,0.5,0,1
1399,0,0,0,0,0,0,0,0,0,0,0,0.3,0,0
1400,0,0,0,0,0,0,0,0,0,1,0,0.2,0,0
1401,0,0,0,0,0,0,0,0,0,0,0,0.3,0,0
1402,0,0,0,0,0,0,0,0,0,0,0,0.1,1,1
1403,0,0,0,0,0,0,0,0,0,0,0,0.1,0,1
1404,0,0,0,0,0,0,0,0,0,0,0,0.3,0,0
1405,0,0,0,0,0,0,0,0,0,1,0.1,0.6,0,0
1406,0,0,0,0,0,0,0,0,0,0,0.1,0.1,0,0
1407,0,0,0,0,0,0,0,0,0,0,0,0.1,0,1
1408,0,0,0,0,0,0,0,0,0,0,0,0.3,0,0
1409,0,0,0,0,0,0,0,0,0,1,0,0.6,0,0
1410,0,0,0,0,0,0,0,0,0,0,0,0.1,0,0
1411,0,0,0,0,0,0,0,0,0,0,0,0,1,1
1412,0,0,0,0,0,0,0,0,0,0,0,0.5,0,1
1413,0,0,0,0,0,0,0,0,0,0,0.1,0.3,0,0
1414,0,0,0,0,0,0,0,0,0,1,0,0.2,0,0
1415,0,0,0,0,0,0,0,0,0,0,0,0.3,0,0
1416,0,0,0,0,0,0,0,0,0,0,0,0.1,1,1
1417,0,0,0,0,0,0,0,0,0,0,0,0.1,0,1
1418,0,0,0,0,0,0,0,0,0,0,0,0.3,0,0
1419,0,0,0,0,0,0,0,0,0,1,0.1,0.6,0,0
1420,0,0,0,0,0,0,0,0,0,0,0.1,0.1,0,0
1421,0,0,0,0,0,0,0,0,0,0,0,0.1,0,1
1422,0,0,0,0,0,0,0,0,0,0,0,0.3,0,0
1423,0,0,0,0,0,0,0,0,0,1,0,0.6,0,0
1424,0,0,0,0,0,0,0,0,0,0,0,0.1,0,0
1425,0,0,0,0,0,0,0,0,0,0,0,0,1,1
1426,0,0,0,0,0,0,0,0,0,0,0,0.5,0,1
1427,0,0,0,0,0,0,0,0,0,0,0.1,0.3,0,0
1428,0,0,0,0,0,0,0,0,0,1,0.1,0.2,0,0
1429,0,0,0,0,0,0,0,0,0,0,0,0.3,0,0
1430,0,0,0,0,0,0,0,0,0,0,0,0.1,1,1
1431,0,0,0,0,0,0,0,0,0,0,0,0.1,0,1
1432,0,0,0,0,0,0,0,0,0,0,0,0.3,0,0
1433,0,0,0,0,0,0,0,0,0,1,0,0.6,0,0
1434,0,0,0,0,0,0,0,0,0,0,0,0.1,0,0
1435,0,0,0,0,0,0,0,0,0,0,0,0.5,0,1
1436,0,0,0,0,0,0,0,0,0,0,0,0.3,0,0
1437,0,0,0,0,0,0,0,0,0,1,0,0.2,0,0
1438,0,0,0,0,0,0,0,0,0,0,0,0.3,0,0
1439,0,0,0,0,0,0,0,0,0,0,0,0.1,1,1
1440,0,0,0,0,0,0,0,0,0,0,0,0.1,0,1
1441,0,0,0,0,0,0,0,0,0,0,0,0.3,0,0
1442,0,0,0,0,0,0,0,0,0,1,0,0.6,0,0
1443,0,0,0,0,0,0,0,0,0,0,0,0.1,0,0
1444,0,0,0,0,0,0,0,0,0,0,0,0.1,0,1
1445,0,0,0,0,0,0,0,0,0,0,0,0.3,0,0
1446,0,0,0,0,0,0,0,0,0,1,0,0.6,0,0
1447,0,0,0,0,0,0,0,0,0,0,0,0.1,0,0
1448,0,0,0,0,0,0,0,0,0,0,0,0,1,1
1449,0,0,0,0,0,0,0,0,0,0,0,0.5,0,1
1450,0,0,0,0,0,0,0,0,0,0,0,0.3,0,0
1451,0,0,0,0,0,0,0,0,0,1,0,0.2,0,0
1452,0,0,0,0,0,0,0,0,0,0,0,0.3,0,0
1453,0,0,0,0,0,0,0,0,0,0,0,0.1,1,1
1454,0,0,0,0,0,0,0,0,0,0,0,0.1,0,1
1455,0,0,0,0,0,0,0,0,0,0,0,0.3,0,0
1456,0,0,0,0,0,0,0,0,0,1,0,0.6,0,0
1457,0,0,0,0,0,0,0,0,0,0,0,0.1,0,0
1458,0,0,0,0,0,0,0,0,0,0,0,0.1,0,1
1459,0,0,0,0,0,0,0,0,0,0,0,0.3,0,0
1460,0,0,0,0,0,0,0,0,0,1,0,0.6,0,0
1461,0,0,0,0,0,0,0,0,0,0,0,0.1,0,0
1462,0,0,0,0,0,0,0,0,0,0,0,0,1,1
1463,0,0,0,0,0,0,0,0,0,0,0,0.5,0,1
1464,0,0,0,0,0,0,0,0,0,0,0,0.3,0,0
1465,0,0,0,0,0,0,0,0,0,1,0,0.2,0,0
1466,0,0,0,0,0,0,0,0,0,0,0,0.3,0,0
1467,0,0,0,0,0,0,0,0,0,0,0,0.1,1,1
1468,0,0,0,0,0,0,0,0,0,0,0,0.1,0,1
1469,0,0,0,0,0,0,0,0,0,0,0,0.3,0,0
1470,0,0,0,0,0,0,0,0,0,1,0,0.6,0,0
1471,0,0,0,0,0,0,0,0,0,0,0,0.1,0,0
1472,0,0,0,0,0,0,0,0,0,0,0,0.5,0,1
1473,0,0,0,0,0,0,0,0,0,0,0,0.3,0,0
1474,0,0,0,0,0,0,0,0,0,1,0,0.2,0,0
1475,0,0,0,0,0,0,0,0,0,0,0,0.3,0,0
1476,0,0,0,0,0,0,0,0,0,0,0,0.1,1,1
1477,0,0,0,0,0,0,0,0,0,0,0.1,0.1,0,1
1478,0,0,0,0,0,0,0,0,0,0,0.1,0.3,0,0
1479,0,0,0,0,0,0,0,0,0,1,0,0.6,0,0
1480,0,0,0,0,0,0,0,0,0,0,0,0.1,0,0
1481,0,0,0,0,0,0,0,0,0,0,0,0.1,0,1
1482,0,0,0,0,0,0,0,0,0,0,0,0.3,0,0
1483,0,0,0,0,0,0,0,0,0,1,0,0.6,0,0
1484,0,0,0,0,0,0,0,0,0,0,0,0.1,0,0
1485,0,0,0,0,0,0,0,0,0,0,0.1,0,1,1
1486,0,0,0,0,0,0,0,0,0,0,0,0.5,0,1
1487,0,0,0,0,0,0,0,0,0,0,0,0.3,0,0
1488,0,0,0,0,0,0,0,0,0,1,0,0.2,0,0
1489,0,0,0,0,0,0,0,0,0,0,0,0.3,0,0
1490,0,0,0,0,0,0,0,0,0,0,0,0.1,1,1
1491,0,0,0,0,0,0,0,0,0,0,0.1,0.1,0,1
1492,0,0,0,0,0,0,0,0,0,0,0.1,0.3,0,0
1493,0,0,0,0,0,0,0,0,0,1,0,0.6,0,0
1494,0,0,0,0,0,0,0,0,0,0,0,0.1,0,0
1495,0,0,0,0,0,0,0,0,0,0,0,0.1,0,1
1496,0,0,0,0,0,0,0,0,0,0,0,0.3,0,0
1497,0,0,0,0,0,0,0,0,0,1,0,0.6,0,0
1498,0,0,0,0,0,0,0,0,0,0,0,0.1,0,0
1499,0,0,0,0,0,0,0,0,0,0,0.1,0,1,1
1500,0,0,0,0,0,0,0,0,0,0,0.1,0.5,0,1
1501,0,0,0,0,0,0,0,0,0,0,0,0.3,0,0
1502,0,0,0,0,0,0,0,0,0,1,0,0.2,0,0
1503,0,0,0,0,0,0,0,0,0,0,0,0.3,0,0
1504,0,0,0,0,0,0,0,0,0,0,0,0.1,1,1
1505,0,0,0,0,0,0,0,0,0,0,0,0.1,0,1
1506,0,0,0,0,0,0,0,0,0,0,0,0.3,0,0
1507,0,0,0,0,0,0,0,0,0,1,0,0.6,0,0
1508,0,0,0,0,0,0,0,0,0,0,0,0.1,0,0
1509,0,0,0,0,0,0,0,0,0,0,0,0.5,0,1
1510,0,0,0,0,0,0,0,0,0,0,0,0.3,0,0
1511,0,0,0,0,0,0,0,0,0,1,0,0.2,0,0
1512,0,0,0,0,0,0,0,0,0,0,0,0.3,0,0
1513,0,0,0,0,0,0,0,0,0,0,0,0.1,1,1
1514,0,0,0,0,0,0,0,0,0,0,0,0.1,0,1
1515,0,0,0,0,0,0,0,0,0,0,0,0.3,0,0
1516,0,0,0,0,0,0,0,0,0,1,0,0.6,0,0
1517,0,0,0,0,0,0,0,0,0,0,0,0.1,0,0
1518,0,0,0,0,0,0,0,0,0,0,0,0.1,0,1
1519,0,0,0,0,0,0,0,0,0,0,0,0.3,0,0
1520,0,0,0,0,0,0,0,0,0,1,0,0.6,0,0
1521,0,0,0,0,0,0,0,0,0,0,0,0.1,0,0
1522,0,0,0,0,0,0,0,0,0,0,0,0,1,1
1523,0,0,0,0,0,0,0,0,0,0,0,0.5,0,1
1524,0,0,0,0,0,0,0,0,0,0,0,0.3,0,0
1525,0,0,0,0,0,0,0,0,0,1,0,0.2,0,0
1526,0,0,0,0,0,0,0,0,0,0,0,0.3,0,0
1527,0,0,0,0,0,0,0,0,0,0,0,0.1,1,1
1528,0,0,0,0,0,0,0,0,0,0,0,0.1,0,1
1529,0,0,0,0,0,0,0,0,0,0,0,0.3,0,0
1530,0,0,0,0,0,0,0,0,0,1,0,0.6,0,0
1531,0,0,0,0,0,0,0,0,0,0,0,0.1,0,0
1532,0,0,0,0,0,0,0,0,0,0,0,0.1,0,1
1533,0,0,0,0,0,0,0,0,0,0,0,0.3,0,0
1534,0,0,0,0,0,0,0,0,0,1,0,0.6,0,0
1535,0,0,0,0,0,0,0,0,0,0,0,0.1,0,0
1536,0,0,0,0,0,0,0,0,0,0,0,0,1,1
1537,0,0,0,0,0,0,0,0,0,0,0,0.5,0,1
1538,0,0,0,0,0,0,0,0,0,0,0,0.3,0,0
1539,0,0,0,0,0,0,0,0,0,1,0,0.2,0,0
1540,0,0,0,0,0,0,0,0,0,0,0,0.3,0,0
1541,0,0,0,0,0,0,0,0,0,0,0,0.1,1,1
1542,0,0,0,0,0,0,0,0,0,0,0,0.1,0,1
1543,0,0,0,0,0,0,0,0,0,0,0,0.3,0,0
1544,0,0,0,0,0,0,0,0,0,1,0,0.6,0,0
1545,0,0,0,0,0,0,0,0,0,0,0,0.1,0,0
1546,0,0,0,0,0,0,0,0,0,0,0,0.5,0,1
1547,0,0,0,0,0,0,0,0,0,0,0,0.3,0,0
1548,0,0,0,0,0,0,0,0,0,1,0,0.2,0,0
1549,0,0,0,0,0,0,0,0,0,0,0,0.3,0,0
1550,0,0,0,0,0,0,0,0,0,0,0.1,0.1,1,1
1551,0,0,0,0,0,0,0,0,0,0,0.1,0.1,0,1
1552,0,0,0,0,0,0,0,0,0,0,0,0.3,0,0
1553,0,0,0,0,0,0,0,0,0,1,0,0.6,0,0
1554,0,0,0,0,0,0,0,0,0,0,0,0.1,0,0
1555,0,0,0,0,0,0,0,0,0,0,0,0.1,0,1
1556,0,0,0,0,0,0,0,0,0,0,0,0.3,0,0
1557,0,0,0,0,0,0,0,0,0,1,0,0.6,0,0
1558,0,0,0,0,0,0,0,0,0,0,0.1,0.1,0,0
1559,0,0,0,0,0,0,0,0,0,0,0,0,1,1
1560,0,0,0,0,0,0,0,0,0,0,0,0.5,0,1
1561,0,0,0,0,0,0,0,0,0,0,0,0.3,0,0
1562,0,0,0,0,0,0,0,0,0,1,0,0.2,0,0
1563,0,0,0,0,0,0,0,0,0,0,0,0.3,0,0
1564,0,0,0,0,0,0,0,0,0,0,0.1,0.1,1,1
1565,0,0,0,0,0,0,0,0,0,0,0.1,0.1,0,1
1566,0,0,0,0,0,0,0,0,0,0,0,0.3,0,0
1567,0,0,0,0,0,0,0,0,0,1,0,0.6,0,0
1568,0,0,0,0,0,0,0,0,0,0,0,0.1,0,0
1569,0,0,0,0,0,0,0,0,0,0,0,0.1,0,1
1570,0,0,0,0,0,0,0,0,0,0,0,0.3,0,0
1571,0,0,0,0,0,0,0,0,0,1,0,0.6,0,0
1572,0,0,0,0,0,0,0,0,0,0,0.1,0.1,0,0
1573,0,0,0,0,0,0,0,0,0,0,0.1,0,1,1
1574,0,0,0,0,0,0,0,0,0,0,0,0.5,0,1
1575,0,0,0,0,0,0,0,0,0,0,0,0.3,0,0
1576,0,0,0,0,0,0,0,0,0,1,0,0.2,0,0
1577,0,0,0,0,0,0,0,0,0,0,0,0.3,0,0
1578,0,0,0,0,0,0,0,0,0,0,0,0.1,1,1
1579,0,0,0,0,0,0,0,0,0,0,0,0.1,0,1
1580,0,0,0,0,0,0,0,0,0,0,0,0.3,0,0
1581,0,0,0,0,0,0,0,0,0,1,0,0.6,0,0
1582,0,0,0,0,0,0,0,0,0,0,0,0.1,0,0
1583,0,0,0,0,0,0,0,0,0,0,0,0.5,0,1
1584,0,0,0,0,0,0,0,0,0,0,0,0.3,0,0
1585,0,0,0,0,0,0,0,0,0,1,0,0.2,0,0
1586,0,0,0,0,0,0,0,0,0,0,0,0.3,0,0
1587,0,0,0,0,0,0,0,0,0,0,0,0.1,1,1
1588,0,0,0,0,0,0,0,0,0,0,0,0.1,0,1
1589,0,0,0,0,0,0,0,0,0,0,0,0.3,0,0
1590,0,0,0,0,0,0,0,0,0,1,0,0.6,0,0
1591,0,0,0,0,0,0,0,0,0,0,0,0.1,0,0
1592,0,0,0,0,0,0,0,0,0,0,0,0.1,0,1
1593,0,0,0,0,0,0,0,0,0,0,0,0.3,0,0
1594,0,0,0,0,0,0,0,0,0,1,0,0.6,0,0
1595,0,0,0,0,0,0,0,0,0,0,0,0.1,0,0
1596,0,0,0,0,0,0,0,0,0,0,0,0,1,1
1597,0,0,0,0,0,0,0,0,0,0,0,0.5,0,1
1598,0,0,0,0,0,0,0,0,0,0,0,0.3,0,0
1599,0,0,0,0,0,0,0,0,0,1,0,0.2,0,0
1600,0,0,0,0,0,0,0,0,0,0,0,0.3,0,0
1601,0,0,0,0,0,0,0,0,0,0,0,0.1,1,1
1602,0,0,0,0,0,0,0,0,0,0,0,0.1,0,1
1603,0,0,0,0,0,0,0,0,0,0,0,0.3,0,0
1604,0,0,0,0,0,0,0,0,0,1,0,0.6,0,0
1605,0,0,0,0,0,0,0,0,0,0,0,0.1,0,0
1606,0,0,0,0,0,0,0,0,0,0,0,0.1,0,1
1607,0,0,0,0,0,0,0,0,0,0,0,0.3,0,0
1608,0,0,0,0,0,0,0,0,0,1,0,0.6,0,0
1609,0,0,0,0,0,0,0,0,0,0,0,0.1,0,0
1610,0,0,0,0,0,0,0,0,0,0,0,0,1,1
1611,0,0,0,0,0,0,0,0,0,0,0,0.5,0,1
1612,0,0,0,0,0,0,0,0,0,0,0,0.3,0,0
1613,0,0,0,0,0,0,0,0,0,1,0,0.2,0,0
1614,0,0,0,0,0,0,0,0,0,0,0,0.3,0,0
1615,0,0,0,0,0,0,0,0,0,0,0,0.1,1,1
1616,0,0,0,0,0,0,0,0,0,0,0,0.1,0,1
1617,0,0,0,0,0,0,0,0,0,0,0,0.3,0,0
1618,0,0,0,0,0,0,0,0,0,1,0,0.6,0,0
1619,0,0,0,0,0,0,0,0,0,0,0,0.1,0,0
1620,0,0,0,0,0,0,0,0,0,0,0,0.5,0,1
1621,0,0,0,0,0,0,0,0,0,0,0,0.3,0,0
1622,0,0,0,0,0,0,0,0,0,1,0,0.2,0,0
1623,0,0,0,0,0,0,0,0,0,0,0,0.3,0,0
1624,0,0,0,0,0,0,0,0,0,0,0.1,0.1,1,1
1625,0,0,0,0,0,0,0,0,0,0,0.1,0.1,0,1
1626,0,0,0,0,0,0,0,0,0,0,0,0.3,0,0
1627,0,0,0,0,0,0,0,0,0,1,0,0.6,0,0
1628,0,0,0,0,0,0,0,0,0,0,0,0.1,0,0
1629,0,0,0,0,0,0,0,0,0,0,0,0.1,0,1
1630,0,0,0,0,0,0,0,0,0,0,0,0.3,0,0
1631,0,0,0,0,0,0,0,0,0,1,0,0.6,0,0
1632,0,0,0,0,0,0,0,0,0,0,0.1,0.1,0,0
1633,0,0,0,0,0,0,0,0,0,0,0,0,1,1
1634,0,0,0,0,0,0,0,0,0,0,0,0.5,0,1
1635,0,0,0,0,0,0,0,0,0,0,0,0.3,0,0
1636,0,0,0,0,0,0,0,0,0,1,0,0.2,0,0
1637,0,0,0,0,0,0,0,0,0,0,0,0.3,0,0
1638,0,0,0,0,0,0,0,0,0,0,0.1,0.1,1,1
1639,0,0,0,0,0,0,0,0,0,0,0.1,0.1,0,1
1640,0,0,0,0,0,0,0,0,0,0,0,0.3,0,0
1641,0,0,0,0,0,0,0,0,0,1,0,0.6,0,0
1642,0,0,0,0,0,0,0,0,0,0,0,0.1,0,0
1643,0,0,0,0,0,0,0,0,0,0,0,0.1,0,1
1644,0,0,0,0,0,0,0,0,0,0,0,0.3,0,0
1645,0,0,0,0,0,0,0,0,0,1,0,0.6,0,0
1646,0,0,0,0,0,0,0,0,0,0,0.1,0.1,0,0
1647,0,0,0,0,0,0,0,0,0,0,0.1,0,1,1
1648,0,0,0,0,0,0,0,0,0,0,0,0.5,0,1
1649,0,0,0,0,0,0,0,0,0,0,0,0.3,0,0
1650,0,0,0,0,0,0,0,0,0,1,0,0.2,0,0
1651,0,0,0,0,0,0,0,0,0,0,0,0.3,0,0
1652,0,0,0,0,0,0,0,0,0,0,0,0.1,1,1
1653,0,0,0,0,0,0,0,0,0,0,0,0.1,0,1
1654,0,0,0,0,0,0,0,0,0,0,0,0.3,0,0
1655,0,0,0,0,0,0,0,0,0,1,0,0.6,0,0
1656,0,0,0,0,0,0,0,0,0,0,0,0.1,0,0
1657,0,0,0,0,0,0,0,0,0,0,0,0.5,0,1
1658,0,0,0,0,0,0,0,0,0,0,0,0.3,0,0
1659,0,0,0,0,0,0,0,0,0,1,0,0.2,0,0
1660,0,0,0,0,0,0,0,0,0,0,0,0.3,0,0
1661,0,0,0,0,0,0,0,0,0,0,0,0.1,1,1
1662,0,0,0,0,0,0,0,0,0,0,0,0.1,0,1
1663,0,0,0,0,0,0,0,0,0,0,0,0.3,0,0
1664,0,0,0,0,0,0,0,0,0,1,0,0.6,0,0
1665,0,0,0,0,0,0,0,0,0,0,0,0.1,0,0
1666,0,0,0,0,0,0,0,0,0,0,0,0.1,0,1
1667,0,0,0,0,0,0,0,0,0,0,0,0.3,0,0
1668,0,0,0,0,0,0,0,0,0,1,0,0.6,0,0
1669,0,0,0,0,0,0,0,0,0,0,0,0.1,0,0
1670,0,0,0,0,0,0,0,0,0,0,0,0,1,1
1671,0,0,0,0,0,0,0,0,0,0,0,0.5,0,1
1672,0,0,0,0,0,0,0,0,0,0,0,0.3,0,0
1673,0,0,0,0,0,0,0,0,0,1,0,0.2,0,0
1674,0,0,0,0,0,0,0,0,0,0,0,0.3,0,0
1675,0,0,0,0,0,0,0,0,0,0,0,0.1,1,1
1676,0,0,0,0,0,0,0,0,0,0,0,0.1,0,1
1677,0,0,0,0,0,0,0,0,0,0,0,0.3,0,0
1678,0,0,0,0,0,0,0,0,0,1,0,0.6,0,0
1679,0,0,0,0,0,0,0,0,0,0,0,0,0,0
1680,0,0,0,0,0,0,0,0,0,0,0,0,0,1
1681,0,0,0,0,0,0,0,0,0,0,0,0.3,0,0
1682,0,0,0,0,0,0,0,0,0,1,0,0.6,0,0
1683,0,0,0,0,0,0,0,0,0,0,0,0,0,0
1684,0,0,0,0,0,0,0,0,0,0,0,0,1,1
1685,0,0,0,0,0,0,0,0,0,0,0,0.5,0,1
1686,0,0,0,0,0,0,0,0,0,0,0,0.3,0,0
1687,0,0,0,0,0,0,0,0,0,1,0,0.2,0,0
1688,0,0,0,0,0,0,0,0,0,0,0,0.3,0,0
1689,0,0,0,0,0,0,0,0,0,0,0,0,1,1
1690,0,0,0,0,0,0,0,0,0,0,0,0,0,1
1691,0,0,0,0,0,0,0,0,0,0,0,0.3,0,0
1692,0,0,0,0,0,0,0,0,0,1,0,0.6,0,0
1693,0,0,0,0,0,0,0,0,0,0,0,0,0,0
1694,0,0,0,0,0,0,0,0,0,0,0,0,0,1
1695,0,0,0,0,0,0,0,0,0,0,0.1,0.3,0,0
1696,0,0,0,0,0,0,0,0,0,1,0.1,0.6,0,0
1697,0,0,0,0,0,0,0,0,0,0,0,0,0,1
1698,0,0,0,0,0,0,0,0,0,0,0,0.3,0,0
1699,0,0,0,0,0,0,0,0,0,1,0,0.6,0,0
1700,0,0,0,0,0,0,0,0,0,0,0,0,0,0
1701,0,0,0,0,0,0,0,0,0,0,0,0,0,1
1702,0,0,0,0,0,0,0,0,0,0,0,0.3,0,0
1703,0,0,0,0,0,0,0,0,0,1,0.1,0.6,0,0
1704,0,0,0,0,0,0,0,0,0,0,0,0,0,0
1705,0,0,0,0,0,0,0,0,0,1,0.1,0.6,1,1
1706,0,0,0,0,0,0,0,0,0,0,0,0,0,1
1707,0,0,0,0,0,0,0,0,0,1,0.1,0.6,0,0
1708,0,0,0,0,0,0,0,0,0,0,0,0,0,0
1709,0,0,0,0,0,0,0,0,0,1,0.1,0.6,0,0
1710,0,0,0,0,0,0,0,0,0,0,0,0,1,1
1711,0,0,0,0,0,0,0,0,0,1,0.1,0.6,0,1
1712,0,0,0,0,0,0,0,0,0,0,0,0,0,0
1713,0,0,0,0,0,0,0,0,0,1,0.1,0.6,0,0
1714,0,0,0,0,0,0,0,0,0,0,0,0,0,0
1715,0,0,0,0,0,0,0,0,0,1,0.1,0.6,0,1
1716,0,0,0,0,0,0,0,0,0,0,0,0,0,0
1717,0,0,0,0,0,0,0,0,0,1,0.1,0.6,0,0
1718,0,0,0,0,0,0,0,0,0,0,0,0,0,1
1719,0,0,0,0,0,0,0,0,0,1,0.1,0.6,0,0
1720,0,0,0,0,0,0,0,0,0,0,0,0,1,1
1721,0,0,0,0,0,0,0,0,0,1,0.1,0.6,0,1
1722,0,0,0,0,0,0,0,0,0,0,0,0,0,0
1723,0,0,0,0,0,0,0,0,0,0,0,0,0,0
1724,0,0,0,0,0,0,0,0,0,0,0,0.3,0,0
1725,0,0,0,0,0,0,0,0,0,1,0.1,0.6,1,1
1726,0,0,0,0,0,0,0,0,0,0,0,0,0,1
1727,0,0,0,0,0,0,0,0,0,1,0.1,0.6,0,0
1728,0,0,0,0,0,0,0,0,0,0,0,0,0,0
1729,0,0,0,0,0,0,0,0,0,1,0.1,0.6,0,0
1730,0,0,0,0,0,0,0,0,0,0,0,0,0,1
1731,0,0,0,0,0,0,0,0,0,1,0.1,0.6,0,0
1732,0,0,0,0,0,0,0,0,0,0,0,0,0,0
1733,0,0,0,0,0,0,0,0,0,1,0.1,0.6,0,1
1734,0,0,0,0,0,0,0,0,0,0,0,0,0,0
1735,0,0,0,0,0,0,0,0,0,1,0.1,0.6,1,1
1736,0,0,0,0,0,0,0,0,0,0,0,0,0,1
1737,0,0,0,0,0,0,0,0,0,1,0.1,0.6,0,0
1738,0,0,0,0,0,0,0,0,0,0,0,0,0,0
1739,0,0,0,0,0,0,0,0,0,1,0.1,0.6,0,0
1740,0,0,0,0,0,0,0,0,0,0,0,0,1,1
1741,0,0,0,0,0,0,0,0,0,1,0.1,0.6,0,1
1742,0,0,0,0,0,0,0,0,0,0,0,0,0,0
1743,0,0,0,0,0,0,0,0,0,1,0.1,0.6,0,0
1744,0,0,0,0,0,0,0,0,0,0,0,0,0,0
1745,0,0,0,0,0,0,0,0,0,0,0,0,0,1
1746,0,0,0,0,0,0,0,0,0,0,0,0.3,0,0
1747,0,0,0,0,0,0,0,0,0,1,0.1,0.6,0,0
1748,0,0,0,0,0,0,0,0,0,0,0,0,0,1
1749,0,0,0,0,0,0,0,0,0,1,0.1,0.6,0,0
1750,0,0,0,0,0,0,0,0,0,0,0,0,1,1
1751,0,0,0,0,0,0,0,0,0,1,0.1,0.6,0,1
1752,0,0,0,0,0,0,0,0,0,0,0,0,0,0
1753,0,0,0,0,0,0,0,0,0,1,0.1,0.6,0,0
1754,0,0,0,0,0,0,0,0,0,0,0,0,0,0
1755,0,0,0,0,0,0,0,0,0,1,0.1,0.6,1,1
1756,0,0,0,0,0,0,0,0,0,0,0,0,0,1
1757,0,0,0,0,0,0,0,0,0,1,0.1,0.6,0,0
1758,0,0,0,0,0,0,0,0,0,0,0,0,0,0
1759,0,0,0,0,0,0,0,0,0,1,0.1,0.6,0,0
1760,0,0,0,0,0,0,0,0,0,0,0,0,0,1
1761,0,0,0,0,0,0,0,0,0,1,0.1,0.6,0,0
1762,0,0,0,0,0,0,0,0,0,0,0,0,0,0
1763,0,0,0,0,0,0,0,0,0,1,0.1,0.6,0,1
1764,0,0,0,0,0,0,0,0,0,0,0,0,0,0
1765,0,0,0,0,0,0,0,0,0,1,0.1,0.6,1,1
1766,0,0,0,0,0,0,0,0,0,0,0,0,0,1
1767,0,0,0,0,0,0,0,0,0,0,0,0,0,0
1768,0,0,0,0,0,0,0,0,0,0,0,0.3,0,0
1769,0,0,0,0,0,0,0,0,0,1,0.1,0.6,0,0
1770,0,0,0,0,0,0,0,0,0,0,0,0,1,1
1771,0,0,0,0,0,0,0,0,0,1,0.1,0.6,0,1
1772,0,0,0,0,0,0,0,0,0,0,0,0,0,0
1773,0,0,0,0,0,0,0,0,0,1,0.1,0.6,0,0
1774,0,0,0,0,0,0,0,0,0,0,0,0,0,0
1775,0,0,0,0,0,0,0,0,0,1,0.1,0.6,0,1
1776,0,0,0,0,0,0,0,0,0,0,0,0,0,0
1777,0,0,0,0,0,0,0,0,0,1,0.1,0.6,0,0
1778,0,0,0,0,0,0,0,0,0,0,0,0,0,1
1779,0,0,0,0,0,0,0,0,0,1,0.1,0.6,0,0
1780,0,0,0,0,0,0,0,0,0,0,0,0,1,1
1781,0,0,0,0,0,0,0,0,0,1,0.1,0.6,0,1
1782,0,0,0,0,0,0,0,0,0,0,0,0,0,0
1783,0,0,0,0,0,0,0,0,0,1,0.1,0.6,0,0
1784,0,0,0,0,0,0,0,0,0,0,0,0,0,0
1785,0,0,0,0,0,0,0,0,0,1,0.1,0.6,1,1
1786,0,0,0,0,0,0,0,0,0,0,0,0,0,1
1787,0,0,0,0,0,0,0,0,0,1,0.1,0.6,0,0
1788,0,0,0,0,0,0,0,0,0,0,0,0,0,0
1789,0,0,0,0,0,0,0,0,0,0,0,0,0,0
1790,0,0,0,0,0,0,0,0,0,0,0,0.3,0,1
1791,0,0,0,0,0,0,0,0,0,1,0.1,0.6,0,0
1792,0,0,0,0,0,0,0,0,0,0,0,0,0,0
1793,0,0,0,0,0,0,0,0,0,1,0.1,0.6,0,1
1794,0,0,0,0,0,0,0,0,0,0,0,0,0,0
1795,0,0,0,0,0,0,0,0,0,1,0.1,0.6,1,1
1796,0,0,0,0,0,0,0,0,0,0,0,0,0,1
1797,0,0,0,0,0,0,0,0,0,1,0.1,0.6,0,0
1798,0,0,0,0,0,0,0,0,0,0,0,0,0,0
1799,0,0,0,0,0,0,0,0,0,1,0.1,0.6,0,0
1800,0,0,0,0,0,0,0,0,0,0,0,0,1,1
1801,0,0,0,0,0,0,0,0,0,1,0.1,0.6,0,1
1802,0,0,0,0,0,0,0,0,0,0,0,0,0,0
1803,0,0,0,0,0,0,0,0,0,1,0.1,0.6,0,0
1804,0,0,0,0,0,0,0,0,0,0,0,0,0,0
1805,0,0,0,0,0,0,0,0,0,1,0.1,0.6,0,1
1806,0,0,0,0,0,0,0,0,0,0,0,0,0,0
1807,0,0,0,0,0,0,0,0,0,1,0.1,0.6,0,0
1808,0,0,0,0,0,0,0,0,0,0,0,0,0,1
1809,0,0,0,0,0,0,0,0,0,1,0.1,0.6,0,0
1810,0,0,0,0,0,0,0,0,0,0,0,0,1,1
1811,0,0,0,0,0,0,0,0,0,0,0,0,0,1
1812,0,0,0,0,0,0,0,0,0,0,0,0.3,0,0
1813,0,0,0,0,0,0,0,0,0,1,0.1,0.6,0,0
1814,0,0,0,0,0,0,0,0,0,0,0,0,0,0
1815,0,0,0,0,0,0,0,0,0,1,0.1,0.6,1,1
1816,0,0,0,0,0,0,0,0,0,0,0,0,0,1
1817,0,0,0,0,0,0,0,0,0,1,0.1,0.6,0,0
1818,0,0,0,0,0,0,0,0,0,0,0,0,0,0
1819,0,0,0,0,0,0,0,0,0,1,0.1,0.6,0,0
1820,0,0,0,0,0,0,0,0,0,0,0,0,0,1
1821,0,0,0,0,0,0,0,0,0,1,0.1,0.6,0,0
1822,0,0,0,0,0,0,0,0,0,0,0,0,0,0
1823,0,0,0,0,0,0,0,0,0,1,0.1,0.6,0,1
1824,0,0,0,0,0,0,0,0,0,0,0,0,0,0
1825,0,0,0,0,0,0,0,0,0,1,0.1,0.6,1,1
1826,0,0,0,0,0,0,0,0,0,0,0,0,0,1
1827,0,0,0,0,0,0,0,0,0,1,0.1,0.6,0,0
1828,0,0,0,0,0,0,0,0,0,0,0,0,0,0
1829,0,0,0,0,0,0,0,0,0,1,0.1,0.6,0,0
1830,0,0,0,0,0,0,0,0,0,0,0,0,1,1
1831,0,0,0,0,0,0,0,0,0,1,0.1,0.6,0,1
1832,0,0,0,0,0,0,0,0,0,0,0,0,0,0
1833,0,0,0,0,0,0,0,0,0,0,0,0,0,0
1834,0,0,0,0,0,0,0,0,0,0,0,0.3,0,0
1835,0,0,0,0,0,0,0,0,0,1,0.1,0.6,0,1
1836,0,0,0,0,0,0,0,0,0,0,0,0,0,0
1837,0,0,0,0,0,0,0,0,0,1,0.1,0.6,0,0
1838,0,0,0,0,0,0,0,0,0,0,0,0,0,1
1839,0,0,0,0,0,0,0,0,0,1,0.1,0.6,0,0
1840,0,0,0,0,0,0,0,0,0,0,0,0,1,1
1841,0,0,0,0,0,0,0,0,0,1,0.1,0.6,0,1
1842,0,0,0,0,0,0,0,0,0,0,0,0,0,0
1843,0,0,0,0,0,0,0,0,0,1,0.1,0.6,0,0
1844,0,0,0,0,0,0,0,0,0,0,0,0,0,0
1845,0,0,0,0,0,0,0,0,0,1,0.1,0.6,1,1
1846,0,0,0,0,0,0,0,0,0,0,0,0,0,1
1847,0,0,0,0,0,0,0,0,0,1,0.1,0.6,0,0
1848,0,0,0,0,0,0,0,0,0,0,0,0,0,0
1849,0,0,0,0,0,0,0,0,0,1,0.1,0.6,0,0
1850,0,0,0,0,0,0,0,0,0,0,0,0,0,1
1851,0,0,0,0,0,0,0,0,0,1,0.1,0.6,0,0
1852,0,0,0,0,0,0,0,0,0,0,0,0,0,0
1853,0,0,0,0,0,0,0,0,0,1,0.1,0.6,0,1
1854,0,0,0,0,0,0,0,0,0,0,0,0,0,0
1855,0,0,0,0,0,0,0,0,0,0,0,0,1,1
1856,0,0,0,0,0,0,0,0,0,0,0,0.3,0,1
1857,0,0,0,0,0,0,0,0,0,1,0.1,0.6,0,0
1858,0,0,0,0,0,0,0,0,0,0,0,0,0,0
1859,0,0,0,0,0,0,0,0,0,1,0.1,0.6,0,0
1860,0,0,0,0,0,0,0,0,0,0,0,0,1,1
1861,0,0,0,0,0,0,0,0,0,1,0.1,0.6,0,1
1862,0,0,0,0,0,0,0,0,0,0,0,0,0,0
1863,0,0,0,0,0,0,0,0,0,1,0.1,0.6,0,0
1864,0,0,0,0,0,0,0,0,0,0,0,0,0,0
1865,0,0,0,0,0,0,0,0,0,1,0.1,0.6,0,1
1866,0,0,0,0,0,0,0,0,0,0,0,0,0,0
1867,0,0,0,0,0,0,0,0,0,1,0.1,0.6,0,0
1868,0,0,0,0,0,0,0,0,0,0,0,0,0,1
1869,0,0,0,0,0,0,0,0,0,1,0.1,0.6,0,0
1870,0,0,0,0,0,0,0,0,0,0,0,0,1,1
1871,0,0,0,0,0,0,0,0,0,1,0.1,0.6,0,1
1872,0,0,0,0,0,0,0,0,0,0,0,0,0,0
1873,0,0,0,0,0,0,0,0,0,1,0.1,0.6,0,0
1874,0,0,0,0,0,0,0,0,0,0,0,0,0,0
1875,0,0,0,0,0,0,0,0,0,1,0.1,0.6,1,1
1876,0,0,0,0,0,0,0,0,0,0,0,0,0,1
1877,0,0,0,0,0,0,0,0,0,0,0,0,0,0
1878,0,0,0,0,0,0,0,0,0,0,0,0.3,0,0
1879,0,0,0,0,0,0,0,0,0,1,0.1,0.6,0,0
1880,0,0,0,0,0,0,0,0,0,0,0,0,0,1
1881,0,0,0,0,0,0,0,0,0,1,0.1,0.6,0,0
1882,0,0,0,0,0,0,0,0,0,0,0,0,0,0
1883,0,0,0,0,0,0,0,0,0,1,0.1,0.6,0,1
1884,0,0,0,0,0,0,0,0,0,0,0,0,0,0
1885,0,0,0,0,0,0,0,0,0,1,0.1,0.6,1,1
1886,0,0,0,0,0,0,0,0,0,0,0,0,0,1
1887,0,0,0,0,0,0,0,0,0,1,0.1,0.6,0,0
1888,0,0,0,0,0,0,0,0,0,0,0,0,0,0
1889,0,0,0,0,0,0,0,0,0,1,0.1,0.6,0,0
1890,0,0,0,0,0,0,0,0,0,0,0,0,1,1
1891,0,0,0,0,0,0,0,0,0,1,0.1,0.6,0,1
1892,0,0,0,0,0,0,0,0,0,0,0,0,0,0
1893,0,0,0,0,0,0,0,0,0,1,0.1,0.6,0,0
1894,0,0,0,0,0,0,0,0,0,0,0,0,0,0
1895,0,0,0,0,0,0,0,0,0,1,0.1,0.6,0,1
1896,0,0,0,0,0,0,0,0,0,0,0,0,0,0
1897,0,0,0,0,0,0,0,0,0,1,0.1,0.6,0,0
1898,0,0,0,0,0,0,0,0,0,0,0,0,0,1
1899,0,0,0,0,0,0,0,0,0,0,0,0,0,0
1900,0,0,0,0,0,0,0,0,0,0,0,0.3,1,1
1901,0,0,0,0,0,0,0,0,0,1,0.1,0.6,0,1
1902,0,0,0,0,0,0,0,0,0,0,0,0,0,0
1903,0,0,0,0,0,0,0,0,0,1,0.1,0.6,0,0
1904,0,0,0,0,0,0,0,0,0,0,0,0,0,0
1905,0,0,0,0,0,0,0,0,0,1,0.1,0.6,1,1
1906,0,0,0,0,0,0,0,0,0,0,0,0,0,1
1907,0,0,0,0,0,0,0,0,0,1,0.1,0.6,0,0
1908,0,0,0,0,0,0,0,0,0,0,0,0,0,0
1909,0,0,0,0,0,0,0,0,0,1,0.1,0.6,0,0
1910,0,0,0,0,0,0,0,0,0,0,0,0,0,1
1911,0,0,0,0,0,0,0,0,0,1,0.1,0.6,0,0
1912,0,0,0,0,0,0,0,0,0,0,0,0,0,0
1913,0,0,0,0,0,0,0,0,0,1,0.1,0.6,0,1
1914,0,0,0,0,0,0,0,0,0,0,0,0,0,0
1915,0,0,0,0,0,0,0,0,0,1,0.1,0.6,1,1
1916,0,0,0,0,0,0,0,0,0,0,0,0,0,1
1917,0,0,0,0,0,0,0,0,0,1,0.1,0.6,0,0
1918,0,0,0,0,0,0,0,0,0,0,0,0,0,0
1919,0,0,0,0,0,0,0,0,0,1,0.1,0.6,0,0
1920,0,0,0,0,0,0,0,0,0,0,0,0,1,1
1921,0,0,0,0,0,0,0,0,0,0,0,0,0,1
1922,0,0,0,0,0,0,0,0,0,0,0,0.3,0,0
1923,0,0,0,0,0,0,0,0,0,1,0.1,0.6,0,0
1924,0,0,0,0,0,0,0,0,0,0,0,0,0,0
1925,0,0,0,0,0,0,0,0,0,1,0.1,0.6,0,1
1926,0,0,0,0,0,0,0,0,0,0,0,0,0,0
1927,0,0,0,0,0,0,0,0,0,1,0.1,0.6,0,0
1928,0,0,0,0,0,0,0,0,0,0,0,0,0,1
1929,0,0,0,0,0,0,0,0,0,1,0.1,0.6,0,0
1930,0,0,0,0,0,0,0,0,0,0,0,0,1,1
1931,0,0,0,0,0,0,0,0,0,1,0.1,0.6,0,1
1932,0,0,0,0,0,0,0,0,0,0,0,0,0,0
1933,0,0,0,0,0,0,0,0,0,1,0.1,0.6,0,0
1934,0,0,0,0,0,0,0,0,0,0,0,0,0,0
1935,0,0,0,0,0,0,0,0,0,1,0.1,0.6,1,1
1936,0,0,0,0,0,0,0,0,0,0,0,0,0,1
1937,0,0,0,0,0,0,0,0,0,1,0.1,0.6,0,0
1938,0,0,0,0,0,0,0,0,0,0,0,0,0,0
1939,0,0,0,0,0,0,0,0,0,1,0.1,0.6,0,0
1940,0,0,0,0,0,0,0,0,0,0,0,0,0,1
1941,0,0,0,0,0,0,0,0,0,1,0.1,0.6,0,0
1942,0,0,0,0,0,0,0,0,0,0,0,0,0,0
1943,0,0,0,0,0,0,0,0,0,0,0,0,0,1
1944,0,0,0,0,0,0,0,0,0,0,0,0.3,0,0
1945,0,0,0,0,0,0,0,0,0,1,0.1,0.6,1,1
1946,0,0,0,0,0,0,0,0,0,0,0,0,0,1
1947,0,0,0,0,0,0,0,0,0,1,0.1,0.6,0,0
1948,0,0,0,0,0,0,0,0,0,0,0,0,0,0
1949,0,0,0,0,0,0,0,0,0,1,0.1,0.6,0,0
1950,0,0,0,0,0,0,0,0,0,0,0,0,1,1
1951,0,0,0,0,0,0,0,0,0,1,0.1,0.6,0,1
1952,0,0,0,0,0,0,0,0,0,0,0,0,0,0
1953,0,0,0,0,0,0,0,0,0,1,0.1,0.6,0,0
1954,0,0,0,0,0,0,0,0,0,0,0,0,0,0
1955,0,0,0,0,0,0,0,0,0,1,0.1,0.6,0,1
1956,0,0,0,0,0,0,0,0,0,0,0,0,0,0
1957,0,0,0,0,0,0,0,0,0,1,0.1,0.6,0,0
1958,0,0,0,0,0,0,0,0,0,0,0,0,0,1
1959,0,0,0,0,0,0,0,0,0,1,0.1,0.6,0,0
1960,0,0,0,0,0,0,0,0,0,0,0,0,1,1
1961,0,0,0,0,0,0,0,0,0,1,0.1,0.6,0,1
1962,0,0,0,0,0,0,0,0,0,0,0,0,0,0
1963,0,0,0,0,0,0,0,0,0,1,0.1,0.6,0,0
1964,0,0,0,0,0,0,0,0,0,0,0,0,0,0
1965,0,0,0,0,0,0,0,0,0,0,0,0,1,1
1966,0,0,0,0,0,0,0,0,0,0,0,0.3,0,1
1967,0,0,0,0,0,0,0,0,0,1,0.1,0.6,0,0
1968,0,0,0,0,0,0,0,0,0,0,0,0,0,0
1969,0,0,0,0,0,0,0,0,0,1,0.1,0.6,0,0
1970,0,0,0,0,0,0,0,0,0,0,0,0,0,1
1971,0,0,0,0,0,0,0,0,0,1,0.1,0.6,0,0
1972,0,0,0,0,0,0,0,0,0,0,0,0,0,0
1973,0,0,0,0,0,0,0,0,0,1,0.1,0.6,0,1
1974,0,0,0,0,0,0,0,0,0,0,0,0,0,0
1975,0,0,0,0,0,0,0,0,0,1,0.1,0.6,1,1
1976,0,0,0,0,0,0,0,0,0,0,0,0,0,1
1977,0,0,0,0,0,0,0,0,0,1,0.1,0.6,0,0
1978,0,0,0,0,0,0,0,0,0,0,0,0,0,0
1979,0,0,0,0,0,0,0,0,0,1,0.1,0.6,0,0
1980,0,0,0,0,0,0,0,0,0,0,0,0,0,1
1981,0,0,0,0,0,0,0,0,0,1,0.1,0.6,0,0
1982,0,0,0,0,0,0,0,0,0,0,0,0,0,0
1983,0,0,0,0,0,0,0,0,0,1,0.1,0.6,0,1
1984,0,0,0,0,0,0,0,0,0,0,0,0,0,0
1985,0,0,0,0,0,0,0,0,0,1,0.1,0.6,0,1
